Country,,0
Afghanistan,1990,1340
Afghanistan,1995,1270
Afghanistan,2000,1100
Afghanistan,2005,821
Afghanistan,2010,584
Afghanistan,2011,536
Afghanistan,2012,496
Afghanistan,2013,459
Afghanistan,2014,425
Afghanistan,2015,396
Albania,1990,71
Albania,1995,53
Albania,2000,43
Albania,2005,30
Albania,2010,30
Albania,2011,30
Albania,2012,30
Albania,2013,29
Albania,2014,29
Albania,2015,29
Algeria,1990,216
Algeria,1995,192
Algeria,2000,170
Algeria,2005,148
Algeria,2010,147
Algeria,2011,147
Algeria,2012,145
Algeria,2013,144
Algeria,2014,141
Algeria,2015,140
Angola,1990,1160
Angola,1995,1150
Angola,2000,924
Angola,2005,705
Angola,2010,561
Angola,2011,546
Angola,2012,526
Angola,2013,509
Angola,2014,493
Angola,2015,477
Argentina,1990,72
Argentina,1995,63
Argentina,2000,60
Argentina,2005,58
Argentina,2010,58
Argentina,2011,56
Argentina,2012,55
Argentina,2013,54
Argentina,2014,54
Argentina,2015,52
Armenia,1990,58
Armenia,1995,50
Armenia,2000,40
Armenia,2005,40
Armenia,2010,33
Armenia,2011,31
Armenia,2012,30
Armenia,2013,28
Armenia,2014,26
Armenia,2015,25
Australia,1990,8
Australia,1995,8
Australia,2000,9
Australia,2005,7
Australia,2010,6
Australia,2011,7
Australia,2012,6
Australia,2013,6
Australia,2014,6
Australia,2015,6
Austria,1990,8
Austria,1995,6
Austria,2000,5
Austria,2005,5
Austria,2010,4
Austria,2011,4
Austria,2012,4
Austria,2013,4
Austria,2014,4
Austria,2015,4
Azerbaijan,1990,64
Azerbaijan,1995,86
Azerbaijan,2000,48
Azerbaijan,2005,34
Azerbaijan,2010,27
Azerbaijan,2011,26
Azerbaijan,2012,25
Azerbaijan,2013,25
Azerbaijan,2014,26
Azerbaijan,2015,25
Bahamas,1990,46
Bahamas,1995,49
Bahamas,2000,61
Bahamas,2005,74
Bahamas,2010,85
Bahamas,2011,86
Bahamas,2012,82
Bahamas,2013,81
Bahamas,2014,83
Bahamas,2015,80
Bahrain,1990,26
Bahrain,1995,22
Bahrain,2000,21
Bahrain,2005,20
Bahrain,2010,16
Bahrain,2011,16
Bahrain,2012,16
Bahrain,2013,15
Bahrain,2014,15
Bahrain,2015,15
Bangladesh,1990,569
Bangladesh,1995,479
Bangladesh,2000,399
Bangladesh,2005,319
Bangladesh,2010,242
Bangladesh,2011,228
Bangladesh,2012,214
Bangladesh,2013,201
Bangladesh,2014,188
Bangladesh,2015,176
Barbados,1990,58
Barbados,1995,49
Barbados,2000,48
Barbados,2005,40
Barbados,2010,33
Barbados,2011,31
Barbados,2012,29
Barbados,2013,28
Barbados,2014,28
Barbados,2015,27
Belarus,1990,33
Belarus,1995,33
Belarus,2000,26
Belarus,2005,13
Belarus,2010,5
Belarus,2011,5
Belarus,2012,4
Belarus,2013,4
Belarus,2014,4
Belarus,2015,4
Belgium,1990,9
Belgium,1995,10
Belgium,2000,9
Belgium,2005,8
Belgium,2010,8
Belgium,2011,8
Belgium,2012,7
Belgium,2013,7
Belgium,2014,7
Belgium,2015,7
Belize,1990,54
Belize,1995,55
Belize,2000,53
Belize,2005,52
Belize,2010,37
Belize,2011,33
Belize,2012,32
Belize,2013,29
Belize,2014,28
Belize,2015,28
Benin,1990,576
Benin,1995,550
Benin,2000,572
Benin,2005,502
Benin,2010,446
Benin,2011,436
Benin,2012,429
Benin,2013,422
Benin,2014,414
Benin,2015,405
Bhutan,1990,945
Bhutan,1995,636
Bhutan,2000,423
Bhutan,2005,308
Bhutan,2010,204
Bhutan,2011,190
Bhutan,2012,177
Bhutan,2013,166
Bhutan,2014,156
Bhutan,2015,148
Bolivia (Plurinational State of),1990,425
Bolivia (Plurinational State of),1995,390
Bolivia (Plurinational State of),2000,334
Bolivia (Plurinational State of),2005,305
Bolivia (Plurinational State of),2010,253
Bolivia (Plurinational State of),2011,241
Bolivia (Plurinational State of),2012,230
Bolivia (Plurinational State of),2013,222
Bolivia (Plurinational State of),2014,215
Bolivia (Plurinational State of),2015,206
Bosnia and Herzegovina,1990,28
Bosnia and Herzegovina,1995,22
Bosnia and Herzegovina,2000,17
Bosnia and Herzegovina,2005,14
Bosnia and Herzegovina,2010,13
Bosnia and Herzegovina,2011,12
Bosnia and Herzegovina,2012,12
Bosnia and Herzegovina,2013,12
Bosnia and Herzegovina,2014,12
Bosnia and Herzegovina,2015,11
Botswana,1990,243
Botswana,1995,238
Botswana,2000,311
Botswana,2005,276
Botswana,2010,169
Botswana,2011,159
Botswana,2012,153
Botswana,2013,139
Botswana,2014,134
Botswana,2015,129
Brazil,1990,104
Brazil,1995,84
Brazil,2000,66
Brazil,2005,67
Brazil,2010,65
Brazil,2011,59
Brazil,2012,60
Brazil,2013,48
Brazil,2014,46
Brazil,2015,44
Brunei Darussalam,1990,35
Brunei Darussalam,1995,33
Brunei Darussalam,2000,31
Brunei Darussalam,2005,30
Brunei Darussalam,2010,27
Brunei Darussalam,2011,29
Brunei Darussalam,2012,25
Brunei Darussalam,2013,24
Brunei Darussalam,2014,23
Brunei Darussalam,2015,23
Bulgaria,1990,25
Bulgaria,1995,24
Bulgaria,2000,21
Bulgaria,2005,15
Bulgaria,2010,11
Bulgaria,2011,11
Bulgaria,2012,10
Bulgaria,2013,11
Bulgaria,2014,11
Bulgaria,2015,11
Burkina Faso,1990,727
Burkina Faso,1995,636
Burkina Faso,2000,547
Burkina Faso,2005,468
Burkina Faso,2010,417
Burkina Faso,2011,408
Burkina Faso,2012,398
Burkina Faso,2013,389
Burkina Faso,2014,379
Burkina Faso,2015,371
Burundi,1990,1220
Burundi,1995,1210
Burundi,2000,954
Burundi,2005,863
Burundi,2010,808
Burundi,2011,796
Burundi,2012,780
Burundi,2013,760
Burundi,2014,737
Burundi,2015,712
Cabo Verde,1990,256
Cabo Verde,1995,150
Cabo Verde,2000,83
Cabo Verde,2005,54
Cabo Verde,2010,51
Cabo Verde,2011,50
Cabo Verde,2012,48
Cabo Verde,2013,46
Cabo Verde,2014,44
Cabo Verde,2015,42
Cambodia,1990,1020
Cambodia,1995,730
Cambodia,2000,484
Cambodia,2005,315
Cambodia,2010,202
Cambodia,2011,188
Cambodia,2012,178
Cambodia,2013,173
Cambodia,2014,167
Cambodia,2015,161
Cameroon,1990,728
Cameroon,1995,749
Cameroon,2000,750
Cameroon,2005,729
Cameroon,2010,676
Cameroon,2011,652
Cameroon,2012,632
Cameroon,2013,619
Cameroon,2014,609
Cameroon,2015,596
Canada,1990,7
Canada,1995,9
Canada,2000,9
Canada,2005,9
Canada,2010,8
Canada,2011,8
Canada,2012,8
Canada,2013,7
Canada,2014,7
Canada,2015,7
Central African Republic,1990,1290
Central African Republic,1995,1300
Central African Republic,2000,1200
Central African Republic,2005,1060
Central African Republic,2010,909
Central African Republic,2011,888
Central African Republic,2012,876
Central African Republic,2013,873
Central African Republic,2014,872
Central African Republic,2015,882
Chad,1990,1450
Chad,1995,1430
Chad,2000,1370
Chad,2005,1170
Chad,2010,1040
Chad,2011,984
Chad,2012,931
Chad,2013,901
Chad,2014,881
Chad,2015,856
Chile,1990,57
Chile,1995,41
Chile,2000,31
Chile,2005,27
Chile,2010,26
Chile,2011,25
Chile,2012,24
Chile,2013,23
Chile,2014,23
Chile,2015,22
China,1990,97
China,1995,72
China,2000,58
China,2005,48
China,2010,35
China,2011,33
China,2012,31
China,2013,29
China,2014,28
China,2015,27
Colombia,1990,118
Colombia,1995,105
Colombia,2000,97
Colombia,2005,80
Colombia,2010,72
Colombia,2011,69
Colombia,2012,66
Colombia,2013,67
Colombia,2014,66
Colombia,2015,64
Comoros,1990,635
Comoros,1995,563
Comoros,2000,499
Comoros,2005,436
Comoros,2010,388
Comoros,2011,376
Comoros,2012,365
Comoros,2013,354
Comoros,2014,344
Comoros,2015,335
Congo,1990,603
Congo,1995,634
Congo,2000,653
Congo,2005,596
Congo,2010,509
Congo,2011,494
Congo,2012,483
Congo,2013,469
Congo,2014,452
Congo,2015,442
Congo (Democratic Republic of the),1990,879
Congo (Democratic Republic of the),1995,914
Congo (Democratic Republic of the),2000,874
Congo (Democratic Republic of the),2005,787
Congo (Democratic Republic of the),2010,794
Congo (Democratic Republic of the),2011,777
Congo (Democratic Republic of the),2012,771
Congo (Democratic Republic of the),2013,746
Congo (Democratic Republic of the),2014,717
Congo (Democratic Republic of the),2015,693
Costa Rica,1990,43
Costa Rica,1995,44
Costa Rica,2000,38
Costa Rica,2005,31
Costa Rica,2010,29
Costa Rica,2011,28
Costa Rica,2012,27
Costa Rica,2013,26
Costa Rica,2014,26
Costa Rica,2015,25
Croatia,1990,10
Croatia,1995,12
Croatia,2000,11
Croatia,2005,11
Croatia,2010,10
Croatia,2011,10
Croatia,2012,9
Croatia,2013,9
Croatia,2014,9
Croatia,2015,8
Cuba,1990,58
Cuba,1995,55
Cuba,2000,43
Cuba,2005,41
Cuba,2010,44
Cuba,2011,43
Cuba,2012,41
Cuba,2013,41
Cuba,2014,40
Cuba,2015,39
Cyprus,1990,16
Cyprus,1995,17
Cyprus,2000,15
Cyprus,2005,12
Cyprus,2010,8
Cyprus,2011,7
Cyprus,2012,7
Cyprus,2013,7
Cyprus,2014,7
Cyprus,2015,7
Czechia,1990,14
Czechia,1995,10
Czechia,2000,7
Czechia,2005,6
Czechia,2010,5
Czechia,2011,5
Czechia,2012,4
Czechia,2013,4
Czechia,2014,4
Czechia,2015,4
Côte d'Ivoire,1990,745
Côte d'Ivoire,1995,711
Côte d'Ivoire,2000,671
Côte d'Ivoire,2005,742
Côte d'Ivoire,2010,717
Côte d'Ivoire,2011,715
Côte d'Ivoire,2012,715
Côte d'Ivoire,2013,688
Côte d'Ivoire,2014,665
Côte d'Ivoire,2015,645
Denmark,1990,11
Denmark,1995,11
Denmark,2000,9
Denmark,2005,8
Denmark,2010,7
Denmark,2011,8
Denmark,2012,7
Denmark,2013,7
Denmark,2014,7
Denmark,2015,6
Djibouti,1990,517
Djibouti,1995,452
Djibouti,2000,401
Djibouti,2005,341
Djibouti,2010,275
Djibouti,2011,266
Djibouti,2012,257
Djibouti,2013,243
Djibouti,2014,237
Djibouti,2015,229
Dominican Republic,1990,198
Dominican Republic,1995,198
Dominican Republic,2000,79
Dominican Republic,2005,64
Dominican Republic,2010,75
Dominican Republic,2011,115
Dominican Republic,2012,62
Dominican Republic,2013,106
Dominican Republic,2014,98
Dominican Republic,2015,92
Ecuador,1990,185
Ecuador,1995,131
Ecuador,2000,103
Ecuador,2005,74
Ecuador,2010,75
Ecuador,2011,78
Ecuador,2012,74
Ecuador,2013,70
Ecuador,2014,66
Ecuador,2015,64
Egypt,1990,106
Egypt,1995,83
Egypt,2000,63
Egypt,2005,52
Egypt,2010,40
Egypt,2011,39
Egypt,2012,37
Egypt,2013,35
Egypt,2014,34
Egypt,2015,33
El Salvador,1990,157
El Salvador,1995,118
El Salvador,2000,84
El Salvador,2005,68
El Salvador,2010,59
El Salvador,2011,60
El Salvador,2012,57
El Salvador,2013,55
El Salvador,2014,54
El Salvador,2015,54
Equatorial Guinea,1990,1310
Equatorial Guinea,1995,1050
Equatorial Guinea,2000,702
Equatorial Guinea,2005,483
Equatorial Guinea,2010,379
Equatorial Guinea,2011,364
Equatorial Guinea,2012,361
Equatorial Guinea,2013,356
Equatorial Guinea,2014,351
Equatorial Guinea,2015,342
Eritrea,1990,1590
Eritrea,1995,1100
Eritrea,2000,733
Eritrea,2005,619
Eritrea,2010,579
Eritrea,2011,561
Eritrea,2012,540
Eritrea,2013,533
Eritrea,2014,524
Eritrea,2015,501
Estonia,1990,42
Estonia,1995,43
Estonia,2000,26
Estonia,2005,15
Estonia,2010,8
Estonia,2011,10
Estonia,2012,9
Estonia,2013,9
Estonia,2014,9
Estonia,2015,9
Eswatini (Kingdom of),1990,635
Eswatini (Kingdom of),1995,537
Eswatini (Kingdom of),2000,586
Eswatini (Kingdom of),2005,595
Eswatini (Kingdom of),2010,436
Eswatini (Kingdom of),2011,418
Eswatini (Kingdom of),2012,400
Eswatini (Kingdom of),2013,413
Eswatini (Kingdom of),2014,400
Eswatini (Kingdom of),2015,389
Ethiopia,1990,1250
Ethiopia,1995,1080
Ethiopia,2000,897
Ethiopia,2005,743
Ethiopia,2010,523
Ethiopia,2011,482
Ethiopia,2012,447
Ethiopia,2013,410
Ethiopia,2014,378
Ethiopia,2015,353
Fiji,1990,63
Fiji,1995,51
Fiji,2000,42
Fiji,2005,39
Fiji,2010,34
Fiji,2011,33
Fiji,2012,33
Fiji,2013,32
Fiji,2014,31
Fiji,2015,30
Finland,1990,6
Finland,1995,5
Finland,2000,5
Finland,2005,4
Finland,2010,3
Finland,2011,3
Finland,2012,3
Finland,2013,3
Finland,2014,3
Finland,2015,3
France,1990,15
France,1995,15
France,2000,12
France,2005,10
France,2010,9
France,2011,9
France,2012,9
France,2013,9
France,2014,9
France,2015,8
Gabon,1990,422
Gabon,1995,405
Gabon,2000,405
Gabon,2005,370
Gabon,2010,322
Gabon,2011,317
Gabon,2012,314
Gabon,2013,308
Gabon,2014,295
Gabon,2015,291
Gambia,1990,1030
Gambia,1995,977
Gambia,2000,887
Gambia,2005,807
Gambia,2010,753
Gambia,2011,753
Gambia,2012,741
Gambia,2013,730
Gambia,2014,719
Gambia,2015,706
Georgia,1990,34
Georgia,1995,35
Georgia,2000,37
Georgia,2005,37
Georgia,2010,40
Georgia,2011,39
Georgia,2012,39
Georgia,2013,38
Georgia,2014,37
Georgia,2015,36
Germany,1990,11
Germany,1995,9
Germany,2000,8
Germany,2005,7
Germany,2010,7
Germany,2011,7
Germany,2012,7
Germany,2013,6
Germany,2014,6
Germany,2015,6
Ghana,1990,634
Ghana,1995,532
Ghana,2000,467
Ghana,2005,376
Ghana,2010,325
Ghana,2011,320
Ghana,2012,324
Ghana,2013,321
Ghana,2014,322
Ghana,2015,319
Greece,1990,5
Greece,1995,4
Greece,2000,4
Greece,2005,3
Greece,2010,3
Greece,2011,3
Greece,2012,3
Greece,2013,3
Greece,2014,3
Greece,2015,3
Grenada,1990,41
Grenada,1995,37
Grenada,2000,29
Grenada,2005,25
Grenada,2010,27
Grenada,2011,27
Grenada,2012,27
Grenada,2013,27
Grenada,2014,27
Grenada,2015,27
Guatemala,1990,205
Guatemala,1995,173
Guatemala,2000,178
Guatemala,2005,120
Guatemala,2010,109
Guatemala,2011,103
Guatemala,2012,105
Guatemala,2013,99
Guatemala,2014,93
Guatemala,2015,88
Guinea,1990,1040
Guinea,1995,964
Guinea,2000,976
Guinea,2005,831
Guinea,2010,720
Guinea,2011,711
Guinea,2012,695
Guinea,2013,695
Guinea,2014,688
Guinea,2015,679
Guinea-Bissau,1990,907
Guinea-Bissau,1995,780
Guinea-Bissau,2000,800
Guinea-Bissau,2005,714
Guinea-Bissau,2010,570
Guinea-Bissau,2011,563
Guinea-Bissau,2012,553
Guinea-Bissau,2013,554
Guinea-Bissau,2014,553
Guinea-Bissau,2015,549
Guyana,1990,171
Guyana,1995,205
Guyana,2000,210
Guyana,2005,232
Guyana,2010,241
Guyana,2011,239
Guyana,2012,239
Guyana,2013,236
Guyana,2014,233
Guyana,2015,229
Haiti,1990,625
Haiti,1995,544
Haiti,2000,505
Haiti,2005,459
Haiti,2010,389
Haiti,2011,369
Haiti,2012,372
Haiti,2013,370
Haiti,2014,367
Haiti,2015,359
Honduras,1990,272
Honduras,1995,166
Honduras,2000,133
Honduras,2005,150
Honduras,2010,155
Honduras,2011,149
Honduras,2012,141
Honduras,2013,135
Honduras,2014,132
Honduras,2015,129
Hungary,1990,24
Hungary,1995,20
Hungary,2000,15
Hungary,2005,14
Hungary,2010,15
Hungary,2011,16
Hungary,2012,16
Hungary,2013,16
Hungary,2014,16
Hungary,2015,17
Iceland,1990,7
Iceland,1995,6
Iceland,2000,5
Iceland,2005,4
Iceland,2010,4
Iceland,2011,3
Iceland,2012,3
Iceland,2013,4
Iceland,2014,4
Iceland,2015,3
India,1990,556
India,1995,471
India,2000,374
India,2005,280
India,2010,215
India,2011,206
India,2012,197
India,2013,189
India,2014,181
India,2015,174
Indonesia,1990,446
Indonesia,1995,326
Indonesia,2000,265
Indonesia,2005,212
Indonesia,2010,165
Indonesia,2011,156
Indonesia,2012,148
Indonesia,2013,140
Indonesia,2014,133
Indonesia,2015,126
Iran (Islamic Republic of),1990,123
Iran (Islamic Republic of),1995,80
Iran (Islamic Republic of),2000,51
Iran (Islamic Republic of),2005,34
Iran (Islamic Republic of),2010,27
Iran (Islamic Republic of),2011,27
Iran (Islamic Republic of),2012,26
Iran (Islamic Republic of),2013,26
Iran (Islamic Republic of),2014,26
Iran (Islamic Republic of),2015,25
Iraq,1990,107
Iraq,1995,87
Iraq,2000,63
Iraq,2005,54
Iraq,2010,51
Iraq,2011,51
Iraq,2012,51
Iraq,2013,50
Iraq,2014,50
Iraq,2015,50
Ireland,1990,11
Ireland,1995,10
Ireland,2000,9
Ireland,2005,8
Ireland,2010,7
Ireland,2011,8
Ireland,2012,8
Ireland,2013,8
Ireland,2014,8
Ireland,2015,8
Israel,1990,11
Israel,1995,10
Israel,2000,8
Israel,2005,7
Israel,2010,6
Israel,2011,6
Israel,2012,5
Israel,2013,5
Israel,2014,5
Israel,2015,5
Italy,1990,8
Italy,1995,7
Italy,2000,5
Italy,2005,4
Italy,2010,4
Italy,2011,4
Italy,2012,4
Italy,2013,4
Italy,2014,4
Italy,2015,4
Jamaica,1990,79
Jamaica,1995,81
Jamaica,2000,89
Jamaica,2005,92
Jamaica,2010,93
Jamaica,2011,93
Jamaica,2012,92
Jamaica,2013,91
Jamaica,2014,90
Jamaica,2015,89
Japan,1990,14
Japan,1995,11
Japan,2000,10
Japan,2005,7
Japan,2010,6
Japan,2011,6
Japan,2012,6
Japan,2013,6
Japan,2014,6
Japan,2015,5
Jordan,1990,110
Jordan,1995,93
Jordan,2000,77
Jordan,2005,62
Jordan,2010,59
Jordan,2011,59
Jordan,2012,59
Jordan,2013,59
Jordan,2014,59
Jordan,2015,58
Kazakhstan,1990,78
Kazakhstan,1995,92
Kazakhstan,2000,65
Kazakhstan,2005,44
Kazakhstan,2010,20
Kazakhstan,2011,17
Kazakhstan,2012,15
Kazakhstan,2013,13
Kazakhstan,2014,12
Kazakhstan,2015,12
Kenya,1990,687
Kenya,1995,698
Kenya,2000,759
Kenya,2005,728
Kenya,2010,605
Kenya,2011,584
Kenya,2012,562
Kenya,2013,540
Kenya,2014,525
Kenya,2015,510
Kiribati,1990,234
Kiribati,1995,207
Kiribati,2000,166
Kiribati,2005,135
Kiribati,2010,109
Kiribati,2011,105
Kiribati,2012,101
Kiribati,2013,96
Kiribati,2014,93
Kiribati,2015,90
Korea (Democratic People's Rep. of),1990,75
Korea (Democratic People's Rep. of),1995,81
Korea (Democratic People's Rep. of),2000,128
Korea (Democratic People's Rep. of),2005,105
Korea (Democratic People's Rep. of),2010,97
Korea (Democratic People's Rep. of),2011,95
Korea (Democratic People's Rep. of),2012,91
Korea (Democratic People's Rep. of),2013,87
Korea (Democratic People's Rep. of),2014,85
Korea (Democratic People's Rep. of),2015,82
Korea (Republic of),1990,21
Korea (Republic of),1995,19
Korea (Republic of),2000,16
Korea (Republic of),2005,14
Korea (Republic of),2010,15
Korea (Republic of),2011,14
Korea (Republic of),2012,13
Korea (Republic of),2013,12
Korea (Republic of),2014,12
Korea (Republic of),2015,11
Kuwait,1990,7
Kuwait,1995,9
Kuwait,2000,7
Kuwait,2005,6
Kuwait,2010,5
Kuwait,2011,4
Kuwait,2012,4
Kuwait,2013,4
Kuwait,2014,4
Kuwait,2015,4
Kyrgyzstan,1990,80
Kyrgyzstan,1995,92
Kyrgyzstan,2000,74
Kyrgyzstan,2005,85
Kyrgyzstan,2010,84
Kyrgyzstan,2011,87
Kyrgyzstan,2012,81
Kyrgyzstan,2013,79
Kyrgyzstan,2014,77
Kyrgyzstan,2015,76
Lao People's Democratic Republic,1990,905
Lao People's Democratic Republic,1995,695
Lao People's Democratic Republic,2000,546
Lao People's Democratic Republic,2005,418
Lao People's Democratic Republic,2010,294
Lao People's Democratic Republic,2011,271
Lao People's Democratic Republic,2012,250
Lao People's Democratic Republic,2013,230
Lao People's Democratic Republic,2014,213
Lao People's Democratic Republic,2015,197
Latvia,1990,48
Latvia,1995,54
Latvia,2000,30
Latvia,2005,22
Latvia,2010,19
Latvia,2011,21
Latvia,2012,18
Latvia,2013,18
Latvia,2014,18
Latvia,2015,18
Lebanon,1990,74
Lebanon,1995,54
Lebanon,2000,42
Lebanon,2005,27
Lebanon,2010,19
Lebanon,2011,18
Lebanon,2012,17
Lebanon,2013,16
Lebanon,2014,16
Lebanon,2015,15
Lesotho,1990,629
Lesotho,1995,525
Lesotho,2000,649
Lesotho,2005,746
Lesotho,2010,587
Lesotho,2011,555
Lesotho,2012,549
Lesotho,2013,532
Lesotho,2014,513
Lesotho,2015,487
Liberia,1990,1500
Liberia,1995,1800
Liberia,2000,1270
Liberia,2005,1020
Liberia,2010,811
Liberia,2011,798
Liberia,2012,787
Liberia,2013,762
Liberia,2014,741
Liberia,2015,725
Libya,1990,39
Libya,1995,25
Libya,2000,17
Libya,2005,11
Libya,2010,9
Libya,2011,9
Libya,2012,9
Libya,2013,9
Libya,2014,9
Libya,2015,9
Lithuania,1990,29
Lithuania,1995,28
Lithuania,2000,16
Lithuania,2005,12
Lithuania,2010,9
Lithuania,2011,11
Lithuania,2012,10
Lithuania,2013,10
Lithuania,2014,10
Lithuania,2015,10
Luxembourg,1990,12
Luxembourg,1995,13
Luxembourg,2000,13
Luxembourg,2005,13
Luxembourg,2010,11
Luxembourg,2011,11
Luxembourg,2012,11
Luxembourg,2013,10
Luxembourg,2014,10
Luxembourg,2015,10
Madagascar,1990,778
Madagascar,1995,644
Madagascar,2000,536
Madagascar,2005,508
Madagascar,2010,436
Madagascar,2011,420
Madagascar,2012,402
Madagascar,2013,384
Madagascar,2014,369
Madagascar,2015,353
Malawi,1990,957
Malawi,1995,953
Malawi,2000,890
Malawi,2005,648
Malawi,2010,629
Malawi,2011,618
Malawi,2012,624
Malawi,2013,636
Malawi,2014,638
Malawi,2015,634
Malaysia,1990,79
Malaysia,1995,68
Malaysia,2000,58
Malaysia,2005,52
Malaysia,2010,48
Malaysia,2011,47
Malaysia,2012,45
Malaysia,2013,43
Malaysia,2014,41
Malaysia,2015,40
Maldives,1990,677
Maldives,1995,340
Maldives,2000,163
Maldives,2005,101
Maldives,2010,87
Maldives,2011,82
Maldives,2012,76
Maldives,2013,70
Maldives,2014,69
Maldives,2015,68
Mali,1990,1010
Mali,1995,911
Mali,2000,834
Mali,2005,714
Mali,2010,630
Mali,2011,617
Mali,2012,617
Mali,2013,610
Mali,2014,601
Mali,2015,587
Malta,1990,13
Malta,1995,14
Malta,2000,15
Malta,2005,13
Malta,2010,11
Malta,2011,11
Malta,2012,11
Malta,2013,9
Malta,2014,9
Malta,2015,9
Mauritania,1990,859
Mauritania,1995,824
Mauritania,2000,813
Mauritania,2005,750
Mauritania,2010,723
Mauritania,2011,704
Mauritania,2012,682
Mauritania,2013,655
Mauritania,2014,629
Mauritania,2015,602
Mauritius,1990,81
Mauritius,1995,60
Mauritius,2000,40
Mauritius,2005,39
Mauritius,2010,59
Mauritius,2011,51
Mauritius,2012,54
Mauritius,2013,54
Mauritius,2014,54
Mauritius,2015,53
Mexico,1990,90
Mexico,1995,85
Mexico,2000,77
Mexico,2005,54
Mexico,2010,45
Mexico,2011,42
Mexico,2012,42
Mexico,2013,41
Mexico,2014,39
Mexico,2015,38
Micronesia (Federated States of),1990,183
Micronesia (Federated States of),1995,166
Micronesia (Federated States of),2000,153
Micronesia (Federated States of),2005,134
Micronesia (Federated States of),2010,115
Micronesia (Federated States of),2011,110
Micronesia (Federated States of),2012,107
Micronesia (Federated States of),2013,104
Micronesia (Federated States of),2014,102
Micronesia (Federated States of),2015,100
Moldova (Republic of),1990,51
Moldova (Republic of),1995,66
Moldova (Republic of),2000,49
Moldova (Republic of),2005,39
Moldova (Republic of),2010,34
Moldova (Republic of),2011,25
Moldova (Republic of),2012,26
Moldova (Republic of),2013,24
Moldova (Republic of),2014,24
Moldova (Republic of),2015,23
Mongolia,1990,186
Mongolia,1995,205
Mongolia,2000,161
Mongolia,2005,95
Mongolia,2010,63
Mongolia,2011,58
Mongolia,2012,53
Mongolia,2013,49
Mongolia,2014,46
Mongolia,2015,44
Montenegro,1990,10
Montenegro,1995,12
Montenegro,2000,11
Montenegro,2005,9
Montenegro,2010,8
Montenegro,2011,7
Montenegro,2012,8
Montenegro,2013,7
Montenegro,2014,7
Montenegro,2015,7
Morocco,1990,317
Morocco,1995,257
Morocco,2000,221
Morocco,2005,190
Morocco,2010,153
Morocco,2011,144
Morocco,2012,137
Morocco,2013,131
Morocco,2014,126
Morocco,2015,121
Mozambique,1990,1390
Mozambique,1995,1150
Mozambique,2000,915
Mozambique,2005,762
Mozambique,2010,619
Mozambique,2011,596
Mozambique,2012,563
Mozambique,2013,528
Mozambique,2014,506
Mozambique,2015,489
Myanmar,1990,453
Myanmar,1995,376
Myanmar,2000,308
Myanmar,2005,248
Myanmar,2010,205
Myanmar,2011,201
Myanmar,2012,195
Myanmar,2013,189
Myanmar,2014,184
Myanmar,2015,178
Namibia,1990,338
Namibia,1995,320
Namibia,2000,352
Namibia,2005,390
Namibia,2010,319
Namibia,2011,315
Namibia,2012,299
Namibia,2013,283
Namibia,2014,273
Namibia,2015,265
Nepal,1990,901
Nepal,1995,660
Nepal,2000,548
Nepal,2005,444
Nepal,2010,349
Nepal,2011,328
Nepal,2012,308
Nepal,2013,291
Nepal,2014,275
Nepal,2015,258
Netherlands,1990,12
Netherlands,1995,13
Netherlands,2000,14
Netherlands,2005,11
Netherlands,2010,8
Netherlands,2011,8
Netherlands,2012,7
Netherlands,2013,7
Netherlands,2014,7
Netherlands,2015,7
New Zealand,1990,18
New Zealand,1995,15
New Zealand,2000,12
New Zealand,2005,14
New Zealand,2010,13
New Zealand,2011,12
New Zealand,2012,12
New Zealand,2013,12
New Zealand,2014,11
New Zealand,2015,11
Nicaragua,1990,173
Nicaragua,1995,212
Nicaragua,2000,202
Nicaragua,2005,190
Nicaragua,2010,166
Nicaragua,2011,153
Nicaragua,2012,164
Nicaragua,2013,159
Nicaragua,2014,154
Nicaragua,2015,150
Niger,1990,873
Niger,1995,828
Niger,2000,794
Niger,2005,723
Niger,2010,657
Niger,2011,635
Niger,2012,619
Niger,2013,596
Niger,2014,574
Niger,2015,553
Nigeria,1990,1350
Nigeria,1995,1250
Nigeria,2000,1170
Nigeria,2005,946
Nigeria,2010,867
Nigeria,2011,824
Nigeria,2012,819
Nigeria,2013,821
Nigeria,2014,820
Nigeria,2015,814
North Macedonia,1990,14
North Macedonia,1995,13
North Macedonia,2000,12
North Macedonia,2005,10
North Macedonia,2010,8
North Macedonia,2011,7
North Macedonia,2012,8
North Macedonia,2013,8
North Macedonia,2014,8
North Macedonia,2015,8
Norway,1990,7
Norway,1995,7
Norway,2000,7
Norway,2005,7
Norway,2010,6
Norway,2011,6
Norway,2012,5
Norway,2013,5
Norway,2014,5
Norway,2015,5
Oman,1990,30
Oman,1995,20
Oman,2000,20
Oman,2005,20
Oman,2010,18
Oman,2011,18
Oman,2012,18
Oman,2013,18
Oman,2014,18
Oman,2015,17
Pakistan,1990,431
Pakistan,1995,363
Pakistan,2000,306
Pakistan,2005,249
Pakistan,2010,211
Pakistan,2011,204
Pakistan,2012,197
Pakistan,2013,190
Pakistan,2014,184
Pakistan,2015,178
"Palestine, State of",1990,118
"Palestine, State of",1995,96
"Palestine, State of",2000,72
"Palestine, State of",2005,62
"Palestine, State of",2010,54
"Palestine, State of",2011,52
"Palestine, State of",2012,50
"Palestine, State of",2013,48
"Palestine, State of",2014,47
"Palestine, State of",2015,45
Panama,1990,102
Panama,1995,94
Panama,2000,82
Panama,2005,87
Panama,2010,101
Panama,2011,102
Panama,2012,101
Panama,2013,99
Panama,2014,97
Panama,2015,94
Papua New Guinea,1990,470
Papua New Guinea,1995,377
Papua New Guinea,2000,342
Papua New Guinea,2005,277
Papua New Guinea,2010,238
Papua New Guinea,2011,231
Papua New Guinea,2012,227
Papua New Guinea,2013,224
Papua New Guinea,2014,220
Papua New Guinea,2015,215
Paraguay,1990,150
Paraguay,1995,147
Paraguay,2000,158
Paraguay,2005,159
Paraguay,2010,139
Paraguay,2011,145
Paraguay,2012,139
Paraguay,2013,136
Paraguay,2014,134
Paraguay,2015,132
Peru,1990,251
Peru,1995,206
Peru,2000,140
Peru,2005,114
Peru,2010,92
Peru,2011,85
Peru,2012,75
Peru,2013,72
Peru,2014,70
Peru,2015,68
Philippines,1990,152
Philippines,1995,122
Philippines,2000,124
Philippines,2005,127
Philippines,2010,129
Philippines,2011,127
Philippines,2012,126
Philippines,2013,121
Philippines,2014,117
Philippines,2015,114
Poland,1990,17
Poland,1995,13
Poland,2000,8
Poland,2005,6
Poland,2010,4
Poland,2011,3
Poland,2012,3
Poland,2013,3
Poland,2014,3
Poland,2015,3
Portugal,1990,17
Portugal,1995,15
Portugal,2000,13
Portugal,2005,12
Portugal,2010,11
Portugal,2011,10
Portugal,2012,11
Portugal,2013,10
Portugal,2014,10
Portugal,2015,10
Qatar,1990,29
Qatar,1995,28
Qatar,2000,24
Qatar,2005,21
Qatar,2010,16
Qatar,2011,15
Qatar,2012,14
Qatar,2013,13
Qatar,2014,13
Qatar,2015,13
Romania,1990,124
Romania,1995,77
Romania,2000,51
Romania,2005,33
Romania,2010,30
Romania,2011,30
Romania,2012,30
Romania,2013,31
Romania,2014,31
Romania,2015,31
Russian Federation,1990,63
Russian Federation,1995,82
Russian Federation,2000,57
Russian Federation,2005,42
Russian Federation,2010,29
Russian Federation,2011,27
Russian Federation,2012,26
Russian Federation,2013,25
Russian Federation,2014,25
Russian Federation,2015,25
Rwanda,1990,1300
Rwanda,1995,1260
Rwanda,2000,1020
Rwanda,2005,567
Rwanda,2010,381
Rwanda,2011,361
Rwanda,2012,336
Rwanda,2013,318
Rwanda,2014,304
Rwanda,2015,290
Saint Lucia,1990,45
Saint Lucia,1995,43
Saint Lucia,2000,54
Saint Lucia,2005,67
Saint Lucia,2010,54
Saint Lucia,2011,52
Saint Lucia,2012,50
Saint Lucia,2013,49
Saint Lucia,2014,49
Saint Lucia,2015,48
Saint Vincent and the Grenadines,1990,58
Saint Vincent and the Grenadines,1995,81
Saint Vincent and the Grenadines,2000,74
Saint Vincent and the Grenadines,2005,50
Saint Vincent and the Grenadines,2010,50
Saint Vincent and the Grenadines,2011,48
Saint Vincent and the Grenadines,2012,47
Saint Vincent and the Grenadines,2013,46
Saint Vincent and the Grenadines,2014,45
Saint Vincent and the Grenadines,2015,45
Samoa,1990,156
Samoa,1995,119
Samoa,2000,93
Samoa,2005,77
Samoa,2010,64
Samoa,2011,61
Samoa,2012,59
Samoa,2013,56
Samoa,2014,53
Samoa,2015,51
Sao Tome and Principe,1990,330
Sao Tome and Principe,1995,263
Sao Tome and Principe,2000,222
Sao Tome and Principe,2005,181
Sao Tome and Principe,2010,162
Sao Tome and Principe,2011,161
Sao Tome and Principe,2012,162
Sao Tome and Principe,2013,161
Sao Tome and Principe,2014,159
Sao Tome and Principe,2015,156
Saudi Arabia,1990,46
Saudi Arabia,1995,33
Saudi Arabia,2000,23
Saudi Arabia,2005,18
Saudi Arabia,2010,14
Saudi Arabia,2011,13
Saudi Arabia,2012,13
Saudi Arabia,2013,12
Saudi Arabia,2014,12
Saudi Arabia,2015,12
Senegal,1990,540
Senegal,1995,509
Senegal,2000,488
Senegal,2005,427
Senegal,2010,375
Senegal,2011,365
Senegal,2012,351
Senegal,2013,335
Senegal,2014,323
Senegal,2015,315
Serbia,1990,14
Serbia,1995,15
Serbia,2000,17
Serbia,2005,15
Serbia,2010,16
Serbia,2011,16
Serbia,2012,16
Serbia,2013,17
Serbia,2014,17
Serbia,2015,17
Sierra Leone,1990,2630
Sierra Leone,1995,2900
Sierra Leone,2000,2650
Sierra Leone,2005,1990
Sierra Leone,2010,1630
Sierra Leone,2011,1580
Sierra Leone,2012,1510
Sierra Leone,2013,1460
Sierra Leone,2014,1410
Sierra Leone,2015,1360
Singapore,1990,12
Singapore,1995,13
Singapore,2000,18
Singapore,2005,16
Singapore,2010,11
Singapore,2011,12
Singapore,2012,12
Singapore,2013,11
Singapore,2014,10
Singapore,2015,10
Slovakia,1990,11
Slovakia,1995,9
Slovakia,2000,8
Slovakia,2005,7
Slovakia,2010,6
Slovakia,2011,6
Slovakia,2012,6
Slovakia,2013,6
Slovakia,2014,6
Slovakia,2015,6
Slovenia,1990,12
Slovenia,1995,12
Slovenia,2000,12
Slovenia,2005,11
Slovenia,2010,9
Slovenia,2011,9
Slovenia,2012,8
Slovenia,2013,9
Slovenia,2014,9
Slovenia,2015,9
Solomon Islands,1990,364
Solomon Islands,1995,273
Solomon Islands,2000,214
Solomon Islands,2005,164
Solomon Islands,2010,136
Solomon Islands,2011,131
Solomon Islands,2012,126
Solomon Islands,2013,122
Solomon Islands,2014,118
Solomon Islands,2015,114
Somalia,1990,1210
Somalia,1995,1190
Somalia,2000,1080
Somalia,2005,939
Somalia,2010,820
Somalia,2011,808
Somalia,2012,791
Somalia,2013,775
Somalia,2014,753
Somalia,2015,732
South Africa,1990,108
South Africa,1995,62
South Africa,2000,85
South Africa,2005,112
South Africa,2010,154
South Africa,2011,154
South Africa,2012,152
South Africa,2013,145
South Africa,2014,140
South Africa,2015,138
South Sudan,1990,1730
South Sudan,1995,1530
South Sudan,2000,1310
South Sudan,2005,1090
South Sudan,2010,876
South Sudan,2011,869
South Sudan,2012,857
South Sudan,2013,841
South Sudan,2014,823
South Sudan,2015,789
Spain,1990,6
Spain,1995,6
Spain,2000,5
Spain,2005,5
Spain,2010,5
Spain,2011,5
Spain,2012,5
Spain,2013,5
Spain,2014,5
Spain,2015,5
Sri Lanka,1990,75
Sri Lanka,1995,70
Sri Lanka,2000,57
Sri Lanka,2005,43
Sri Lanka,2010,35
Sri Lanka,2011,33
Sri Lanka,2012,32
Sri Lanka,2013,32
Sri Lanka,2014,31
Sri Lanka,2015,30
Sudan,1990,744
Sudan,1995,648
Sudan,2000,544
Sudan,2005,440
Sudan,2010,349
Sudan,2011,339
Sudan,2012,330
Sudan,2013,325
Sudan,2014,318
Sudan,2015,311
Suriname,1990,127
Suriname,1995,177
Suriname,2000,259
Suriname,2005,223
Suriname,2010,169
Suriname,2011,157
Suriname,2012,155
Suriname,2013,162
Suriname,2014,158
Suriname,2015,155
Sweden,1990,8
Sweden,1995,6
Sweden,2000,5
Sweden,2005,5
Sweden,2010,4
Sweden,2011,4
Sweden,2012,4
Sweden,2013,4
Sweden,2014,4
Sweden,2015,4
Switzerland,1990,8
Switzerland,1995,8
Switzerland,2000,7
Switzerland,2005,7
Switzerland,2010,6
Switzerland,2011,6
Switzerland,2012,6
Switzerland,2013,5
Switzerland,2014,5
Switzerland,2015,5
Syrian Arab Republic,1990,123
Syrian Arab Republic,1995,89
Syrian Arab Republic,2000,73
Syrian Arab Republic,2005,58
Syrian Arab Republic,2010,49
Syrian Arab Republic,2011,52
Syrian Arab Republic,2012,56
Syrian Arab Republic,2013,60
Syrian Arab Republic,2014,64
Syrian Arab Republic,2015,68
Tajikistan,1990,107
Tajikistan,1995,129
Tajikistan,2000,68
Tajikistan,2005,46
Tajikistan,2010,35
Tajikistan,2011,35
Tajikistan,2012,34
Tajikistan,2013,34
Tajikistan,2014,33
Tajikistan,2015,32
Tanzania (United Republic of),1990,997
Tanzania (United Republic of),1995,961
Tanzania (United Republic of),2000,842
Tanzania (United Republic of),2005,687
Tanzania (United Republic of),2010,514
Tanzania (United Republic of),2011,483
Tanzania (United Republic of),2012,464
Tanzania (United Republic of),2013,438
Tanzania (United Republic of),2014,418
Tanzania (United Republic of),2015,398
Thailand,1990,40
Thailand,1995,23
Thailand,2000,25
Thailand,2005,26
Thailand,2010,23
Thailand,2011,22
Thailand,2012,22
Thailand,2013,21
Thailand,2014,21
Thailand,2015,20
Timor-Leste,1990,1080
Timor-Leste,1995,897
Timor-Leste,2000,694
Timor-Leste,2005,506
Timor-Leste,2010,317
Timor-Leste,2011,289
Timor-Leste,2012,267
Timor-Leste,2013,248
Timor-Leste,2014,231
Timor-Leste,2015,215
Togo,1990,568
Togo,1995,563
Togo,2000,491
Togo,2005,427
Togo,2010,393
Togo,2011,396
Togo,2012,391
Togo,2013,386
Togo,2014,378
Togo,2015,368
Tonga,1990,75
Tonga,1995,100
Tonga,2000,97
Tonga,2005,114
Tonga,2010,130
Tonga,2011,133
Tonga,2012,135
Tonga,2013,131
Tonga,2014,127
Tonga,2015,124
Trinidad and Tobago,1990,90
Trinidad and Tobago,1995,77
Trinidad and Tobago,2000,62
Trinidad and Tobago,2005,62
Trinidad and Tobago,2010,65
Trinidad and Tobago,2011,65
Trinidad and Tobago,2012,63
Trinidad and Tobago,2013,64
Trinidad and Tobago,2014,63
Trinidad and Tobago,2015,63
Tunisia,1990,131
Tunisia,1995,112
Tunisia,2000,84
Tunisia,2005,74
Tunisia,2010,67
Tunisia,2011,66
Tunisia,2012,64
Tunisia,2013,64
Tunisia,2014,63
Tunisia,2015,62
Turkey,1990,97
Turkey,1995,86
Turkey,2000,79
Turkey,2005,57
Turkey,2010,23
Turkey,2011,21
Turkey,2012,19
Turkey,2013,18
Turkey,2014,17
Turkey,2015,16
Turkmenistan,1990,82
Turkmenistan,1995,74
Turkmenistan,2000,59
Turkmenistan,2005,53
Turkmenistan,2010,46
Turkmenistan,2011,46
Turkmenistan,2012,45
Turkmenistan,2013,44
Turkmenistan,2014,43
Turkmenistan,2015,42
Uganda,1990,687
Uganda,1995,684
Uganda,2000,620
Uganda,2005,504
Uganda,2010,420
Uganda,2011,408
Uganda,2012,395
Uganda,2013,372
Uganda,2014,356
Uganda,2015,343
Ukraine,1990,46
Ukraine,1995,52
Ukraine,2000,34
Ukraine,2005,30
Ukraine,2010,26
Ukraine,2011,25
Ukraine,2012,25
Ukraine,2013,24
Ukraine,2014,24
Ukraine,2015,24
United Arab Emirates,1990,17
United Arab Emirates,1995,12
United Arab Emirates,2000,8
United Arab Emirates,2005,6
United Arab Emirates,2010,6
United Arab Emirates,2011,6
United Arab Emirates,2012,6
United Arab Emirates,2013,6
United Arab Emirates,2014,6
United Arab Emirates,2015,6
United Kingdom,1990,10
United Kingdom,1995,11
United Kingdom,2000,12
United Kingdom,2005,12
United Kingdom,2010,10
United Kingdom,2011,10
United Kingdom,2012,10
United Kingdom,2013,9
United Kingdom,2014,9
United Kingdom,2015,9
United States,1990,12
United States,1995,12
United States,2000,12
United States,2005,13
United States,2010,14
United States,2011,14
United States,2012,14
United States,2013,14
United States,2014,14
United States,2015,14
Uruguay,1990,37
Uruguay,1995,36
Uruguay,2000,31
Uruguay,2005,26
Uruguay,2010,19
Uruguay,2011,17
Uruguay,2012,16
Uruguay,2013,16
Uruguay,2014,15
Uruguay,2015,15
Uzbekistan,1990,54
Uzbekistan,1995,32
Uzbekistan,2000,34
Uzbekistan,2005,42
Uzbekistan,2010,39
Uzbekistan,2011,38
Uzbekistan,2012,38
Uzbekistan,2013,37
Uzbekistan,2014,37
Uzbekistan,2015,36
Vanuatu,1990,225
Vanuatu,1995,184
Vanuatu,2000,144
Vanuatu,2005,116
Vanuatu,2010,94
Vanuatu,2011,91
Vanuatu,2012,87
Vanuatu,2013,84
Vanuatu,2014,81
Vanuatu,2015,78
Venezuela (Bolivarian Republic of),1990,94
Venezuela (Bolivarian Republic of),1995,90
Venezuela (Bolivarian Republic of),2000,90
Venezuela (Bolivarian Republic of),2005,93
Venezuela (Bolivarian Republic of),2010,99
Venezuela (Bolivarian Republic of),2011,99
Venezuela (Bolivarian Republic of),2012,98
Venezuela (Bolivarian Republic of),2013,98
Venezuela (Bolivarian Republic of),2014,97
Venezuela (Bolivarian Republic of),2015,95
Viet Nam,1990,139
Viet Nam,1995,107
Viet Nam,2000,81
Viet Nam,2005,61
Viet Nam,2010,58
Viet Nam,2011,56
Viet Nam,2012,56
Viet Nam,2013,55
Viet Nam,2014,54
Viet Nam,2015,54
Yemen,1990,547
Yemen,1995,498
Yemen,2000,440
Yemen,2005,428
Yemen,2010,416
Yemen,2011,413
Yemen,2012,410
Yemen,2013,406
Yemen,2014,398
Yemen,2015,385
Zambia,1990,577
Zambia,1995,596
Zambia,2000,541
Zambia,2005,372
Zambia,2010,262
Zambia,2011,251
Zambia,2012,243
Zambia,2013,237
Zambia,2014,231
Zambia,2015,224
Zimbabwe,1990,440
Zimbabwe,1995,449
Zimbabwe,2000,590
Zimbabwe,2005,629
Zimbabwe,2010,446
Zimbabwe,2011,409
Zimbabwe,2012,379
Zimbabwe,2013,369
Zimbabwe,2014,401
Zimbabwe,2015,443
Andorra,1990,..
Andorra,1995,..
Andorra,2000,..
Andorra,2005,..
Andorra,2010,..
Andorra,2011,..
Andorra,2012,..
Andorra,2013,..
Andorra,2014,..
Andorra,2015,..
Antigua and Barbuda,1990,..
Antigua and Barbuda,1995,..
Antigua and Barbuda,2000,..
Antigua and Barbuda,2005,..
Antigua and Barbuda,2010,..
Antigua and Barbuda,2011,..
Antigua and Barbuda,2012,..
Antigua and Barbuda,2013,..
Antigua and Barbuda,2014,..
Antigua and Barbuda,2015,..
Dominica,1990,..
Dominica,1995,..
Dominica,2000,..
Dominica,2005,..
Dominica,2010,..
Dominica,2011,..
Dominica,2012,..
Dominica,2013,..
Dominica,2014,..
Dominica,2015,..
"Hong Kong, China (SAR)",1990,..
"Hong Kong, China (SAR)",1995,..
"Hong Kong, China (SAR)",2000,..
"Hong Kong, China (SAR)",2005,..
"Hong Kong, China (SAR)",2010,..
"Hong Kong, China (SAR)",2011,..
"Hong Kong, China (SAR)",2012,..
"Hong Kong, China (SAR)",2013,..
"Hong Kong, China (SAR)",2014,..
"Hong Kong, China (SAR)",2015,..
Saint Kitts and Nevis,1990,..
Saint Kitts and Nevis,1995,..
Saint Kitts and Nevis,2000,..
Saint Kitts and Nevis,2005,..
Saint Kitts and Nevis,2010,..
Saint Kitts and Nevis,2011,..
Saint Kitts and Nevis,2012,..
Saint Kitts and Nevis,2013,..
Saint Kitts and Nevis,2014,..
Saint Kitts and Nevis,2015,..
Liechtenstein,1990,..
Liechtenstein,1995,..
Liechtenstein,2000,..
Liechtenstein,2005,..
Liechtenstein,2010,..
Liechtenstein,2011,..
Liechtenstein,2012,..
Liechtenstein,2013,..
Liechtenstein,2014,..
Liechtenstein,2015,..
Marshall Islands,1990,..
Marshall Islands,1995,..
Marshall Islands,2000,..
Marshall Islands,2005,..
Marshall Islands,2010,..
Marshall Islands,2011,..
Marshall Islands,2012,..
Marshall Islands,2013,..
Marshall Islands,2014,..
Marshall Islands,2015,..
Palau,1990,..
Palau,1995,..
Palau,2000,..
Palau,2005,..
Palau,2010,..
Palau,2011,..
Palau,2012,..
Palau,2013,..
Palau,2014,..
Palau,2015,..
Seychelles,1990,..
Seychelles,1995,..
Seychelles,2000,..
Seychelles,2005,..
Seychelles,2010,..
Seychelles,2011,..
Seychelles,2012,..
Seychelles,2013,..
Seychelles,2014,..
Seychelles,2015,..
Human Development,1990, 
Human Development,1995,..
Human Development,2000,..
Human Development,2005,..
Human Development,2010,..
Human Development,2011,..
Human Development,2012,..
Human Development,2013,..
Human Development,2014,..
Human Development,2015,..
Very high human development,1990,34
Very high human development,1995,29
Very high human development,2000,26
Very high human development,2005,21
Very high human development,2010,16
Very high human development,2011,16
Very high human development,2012,15
Very high human development,2013,15
Very high human development,2014,15
Very high human development,2015,15
High human development,1990,131
High human development,1995,116
High human development,2000,89
High human development,2005,80
High human development,2010,68
High human development,2011,65
High human development,2012,63
High human development,2013,60
High human development,2014,58
High human development,2015,56
Medium human development,1990,525
Medium human development,1995,450
Medium human development,2000,379
Medium human development,2005,298
Medium human development,2010,238
Medium human development,2011,229
Medium human development,2012,220
Medium human development,2013,212
Medium human development,2014,205
Medium human development,2015,198
Low human development,1990,1050
Low human development,1995,972
Low human development,2000,877
Low human development,2005,735
Low human development,2010,636
Low human development,2011,611
Low human development,2012,599
Low human development,2013,585
Low human development,2014,571
Low human development,2015,557
Developing Countries,1990,401
Developing Countries,1995,417
Developing Countries,2000,353
Developing Countries,2005,310
Developing Countries,2010,264
Developing Countries,2011,255
Developing Countries,2012,248
Developing Countries,2013,242
Developing Countries,2014,236
Developing Countries,2015,231
Regions,1990, 
Regions,1995,..
Regions,2000,..
Regions,2005,..
Regions,2010,..
Regions,2011,..
Regions,2012,..
Regions,2013,..
Regions,2014,..
Regions,2015,..
Arab States,1990,278
Arab States,1995,261
Arab States,2000,226
Arab States,2005,200
Arab States,2010,169
Arab States,2011,165
Arab States,2012,160
Arab States,2013,155
Arab States,2014,151
Arab States,2015,148
East Asia and the Pacific,1990,156
East Asia and the Pacific,1995,154
East Asia and the Pacific,2000,108
East Asia and the Pacific,2005,97
East Asia and the Pacific,2010,75
East Asia and the Pacific,2011,72
East Asia and the Pacific,2012,69
East Asia and the Pacific,2013,66
East Asia and the Pacific,2014,64
East Asia and the Pacific,2015,62
Europe and Central Asia,1990,69
Europe and Central Asia,1995,67
Europe and Central Asia,2000,57
Europe and Central Asia,2005,45
Europe and Central Asia,2010,29
Europe and Central Asia,2011,28
Europe and Central Asia,2012,27
Europe and Central Asia,2013,26
Europe and Central Asia,2014,25
Europe and Central Asia,2015,25
Latin America and the Caribbean,1990,133
Latin America and the Caribbean,1995,117
Latin America and the Caribbean,2000,99
Latin America and the Caribbean,2005,89
Latin America and the Caribbean,2010,82
Latin America and the Caribbean,2011,78
Latin America and the Caribbean,2012,76
Latin America and the Caribbean,2013,72
Latin America and the Caribbean,2014,70
Latin America and the Caribbean,2015,68
South Asia,1990,535
South Asia,1995,463
South Asia,2000,377
South Asia,2005,287
South Asia,2010,221
South Asia,2011,211
South Asia,2012,201
South Asia,2013,192
South Asia,2014,184
South Asia,2015,176
Sub-Saharan Africa,1990,983
Sub-Saharan Africa,1995,928
Sub-Saharan Africa,2000,852
Sub-Saharan Africa,2005,725
Sub-Saharan Africa,2010,629
Sub-Saharan Africa,2011,605
Sub-Saharan Africa,2012,592
Sub-Saharan Africa,2013,577
Sub-Saharan Africa,2014,563
Sub-Saharan Africa,2015,550
Least Developed Countries,1990,900
Least Developed Countries,1995,826
Least Developed Countries,2000,730
Least Developed Countries,2005,613
Least Developed Countries,2010,520
Least Developed Countries,2011,501
Least Developed Countries,2012,485
Least Developed Countries,2013,467
Least Developed Countries,2014,450
Least Developed Countries,2015,433
Small Island Developing States,1990,325
Small Island Developing States,1995,303
Small Island Developing States,2000,262
Small Island Developing States,2005,239
Small Island Developing States,2010,207
Small Island Developing States,2011,206
Small Island Developing States,2012,195
Small Island Developing States,2013,201
Small Island Developing States,2014,197
Small Island Developing States,2015,192
Organization for Economic Co-operation and Development,1990,32
Organization for Economic Co-operation and Development,1995,29
Organization for Economic Co-operation and Development,2000,27
Organization for Economic Co-operation and Development,2005,21
Organization for Economic Co-operation and Development,2010,16
Organization for Economic Co-operation and Development,2011,15
Organization for Economic Co-operation and Development,2012,15
Organization for Economic Co-operation and Development,2013,15
Organization for Economic Co-operation and Development,2014,15
Organization for Economic Co-operation and Development,2015,14
World,1990,360
World,1995,372
World,2000,319
World,2005,278
World,2010,238
World,2011,230
World,2012,224
World,2013,218
World,2014,214
World,2015,209
