Country,,0
Afghanistan,1990,43.1
Afghanistan,1995,43
Afghanistan,2000,42.3
Afghanistan,2005,44
Afghanistan,2010,42.7
Afghanistan,2011,43.3
Afghanistan,2012,44.1
Afghanistan,2013,45
Afghanistan,2014,46
Afghanistan,2015,47
Afghanistan,2016,47.8
Afghanistan,2017,48.5
Afghanistan,2018,48.7
Albania,1990,53.8
Albania,1995,53.8
Albania,2000,51.8
Albania,2005,48.1
Albania,2010,45.7
Albania,2011,47.1
Albania,2012,48.8
Albania,2013,44.7
Albania,2014,44.8
Albania,2015,47.7
Albania,2016,47.5
Albania,2017,47.3
Albania,2018,47.2
Algeria,1990,11.4
Algeria,1995,11.8
Algeria,2000,11.9
Algeria,2005,12.8
Algeria,2010,14.4
Algeria,2011,15.2
Algeria,2012,16.2
Algeria,2013,16.9
Algeria,2014,15.3
Algeria,2015,15.2
Algeria,2016,15
Algeria,2017,14.9
Algeria,2018,14.9
Angola,1990,75
Angola,1995,74.8
Angola,2000,74.9
Angola,2005,75.1
Angola,2010,75.3
Angola,2011,75.3
Angola,2012,75.4
Angola,2013,75.4
Angola,2014,75.5
Angola,2015,75.5
Angola,2016,75.5
Angola,2017,75.5
Angola,2018,75.4
Argentina,1990,43.2
Argentina,1995,48.1
Argentina,2000,50.4
Argentina,2005,49.4
Argentina,2010,47.8
Argentina,2011,48.1
Argentina,2012,48.2
Argentina,2013,47.8
Argentina,2014,47.2
Argentina,2015,47.8
Argentina,2016,48.5
Argentina,2017,49.1
Argentina,2018,49
Armenia,1990,48.9
Armenia,1995,48.7
Armenia,2000,48
Armenia,2005,47.5
Armenia,2010,49.6
Armenia,2011,52.1
Armenia,2012,52
Armenia,2013,52.6
Armenia,2014,52
Armenia,2015,51.2
Armenia,2016,49.4
Armenia,2017,49.4
Armenia,2018,49.6
Australia,1990,52.3
Australia,1995,53.7
Australia,2000,54.6
Australia,2005,57.1
Australia,2010,58.7
Australia,2011,59
Australia,2012,58.8
Australia,2013,58.7
Australia,2014,58.7
Australia,2015,59.1
Australia,2016,59.3
Australia,2017,59.7
Australia,2018,59.7
Austria,1990,43.4
Austria,1995,48.8
Austria,2000,48.9
Austria,2005,50.7
Austria,2010,53.5
Austria,2011,53.8
Austria,2012,54.3
Austria,2013,54.6
Austria,2014,54.6
Austria,2015,54.5
Austria,2016,55
Austria,2017,54.9
Austria,2018,54.8
Azerbaijan,1990,51.7
Azerbaijan,1995,56.3
Azerbaijan,2000,56.3
Azerbaijan,2005,57.7
Azerbaijan,2010,60.2
Azerbaijan,2011,60.8
Azerbaijan,2012,61.1
Azerbaijan,2013,61.3
Azerbaijan,2014,61.9
Azerbaijan,2015,62.5
Azerbaijan,2016,63
Azerbaijan,2017,63.3
Azerbaijan,2018,63.1
Bahamas,1990,64.8
Bahamas,1995,68.3
Bahamas,2000,69
Bahamas,2005,69.2
Bahamas,2010,68.7
Bahamas,2011,68.6
Bahamas,2012,68.6
Bahamas,2013,68.4
Bahamas,2014,68.2
Bahamas,2015,67.7
Bahamas,2016,67.5
Bahamas,2017,67.5
Bahamas,2018,67.6
Bahrain,1990,29.2
Bahrain,1995,31.7
Bahrain,2000,34.8
Bahrain,2005,38.9
Bahrain,2010,43.8
Bahrain,2011,43
Bahrain,2012,43.2
Bahrain,2013,43.4
Bahrain,2014,43.6
Bahrain,2015,43.8
Bahrain,2016,44
Bahrain,2017,44.4
Bahrain,2018,44.5
Bangladesh,1990,23.6
Bangladesh,1995,24.8
Bangladesh,2000,26.5
Bangladesh,2005,27.8
Bangladesh,2010,29.9
Bangladesh,2011,30.4
Bangladesh,2012,30.9
Bangladesh,2013,31.4
Bangladesh,2014,31.9
Bangladesh,2015,32.4
Bangladesh,2016,32.9
Bangladesh,2017,35.9
Bangladesh,2018,36
Barbados,1990,61.3
Barbados,1995,63.8
Barbados,2000,63.2
Barbados,2005,64.2
Barbados,2010,63.5
Barbados,2011,63.3
Barbados,2012,62.1
Barbados,2013,63.2
Barbados,2014,61.9
Barbados,2015,61.9
Barbados,2016,62.6
Barbados,2017,62.2
Barbados,2018,61.9
Belarus,1990,53.2
Belarus,1995,52.6
Belarus,2000,53.3
Belarus,2005,55.4
Belarus,2010,57.5
Belarus,2011,57.9
Belarus,2012,58.1
Belarus,2013,58.4
Belarus,2014,58.5
Belarus,2015,58.6
Belarus,2016,58.7
Belarus,2017,58.4
Belarus,2018,58.1
Belgium,1990,36.6
Belgium,1995,40.5
Belgium,2000,43.6
Belgium,2005,45.5
Belgium,2010,47.5
Belgium,2011,46.8
Belgium,2012,46.9
Belgium,2013,47.6
Belgium,2014,48
Belgium,2015,48
Belgium,2016,47.8
Belgium,2017,47.9
Belgium,2018,47.9
Belize,1990,34.4
Belize,1995,35.8
Belize,2000,40.3
Belize,2005,45.9
Belize,2010,51.9
Belize,2011,53.2
Belize,2012,54.5
Belize,2013,53.7
Belize,2014,52.9
Belize,2015,52.2
Belize,2016,52.8
Belize,2017,52.9
Belize,2018,53.3
Benin,1990,57.3
Benin,1995,59.9
Benin,2000,63.9
Benin,2005,67.3
Benin,2010,69.2
Benin,2011,68.1
Benin,2012,68.2
Benin,2013,68.4
Benin,2014,68.5
Benin,2015,68.7
Benin,2016,68.8
Benin,2017,69
Benin,2018,69.2
Bhutan,1990,55.7
Bhutan,1995,53.9
Bhutan,2000,57.2
Bhutan,2005,64.7
Bhutan,2010,64.6
Bhutan,2011,62.3
Bhutan,2012,63.5
Bhutan,2013,58.2
Bhutan,2014,54.9
Bhutan,2015,57.8
Bhutan,2016,57.9
Bhutan,2017,58
Bhutan,2018,58.2
Bolivia (Plurinational State of),1990,55.1
Bolivia (Plurinational State of),1995,57.6
Bolivia (Plurinational State of),2000,59.2
Bolivia (Plurinational State of),2005,62.5
Bolivia (Plurinational State of),2010,62
Bolivia (Plurinational State of),2011,61.7
Bolivia (Plurinational State of),2012,57.9
Bolivia (Plurinational State of),2013,58.8
Bolivia (Plurinational State of),2014,60.9
Bolivia (Plurinational State of),2015,54.5
Bolivia (Plurinational State of),2016,60.3
Bolivia (Plurinational State of),2017,56.6
Bolivia (Plurinational State of),2018,56.6
Bosnia and Herzegovina,1990,41.3
Bosnia and Herzegovina,1995,39.5
Bosnia and Herzegovina,2000,38.6
Bosnia and Herzegovina,2005,37.8
Bosnia and Herzegovina,2010,37.1
Bosnia and Herzegovina,2011,36.8
Bosnia and Herzegovina,2012,36.6
Bosnia and Herzegovina,2013,36.3
Bosnia and Herzegovina,2014,36
Bosnia and Herzegovina,2015,35.7
Bosnia and Herzegovina,2016,35.3
Bosnia and Herzegovina,2017,35.7
Bosnia and Herzegovina,2018,35.6
Botswana,1990,45.3
Botswana,1995,47.8
Botswana,2000,49.5
Botswana,2005,54.4
Botswana,2010,53.6
Botswana,2011,57.4
Botswana,2012,61.1
Botswana,2013,64.6
Botswana,2014,64.9
Botswana,2015,65.2
Botswana,2016,65.5
Botswana,2017,65.8
Botswana,2018,66.2
Brazil,1990,42
Brazil,1995,47.3
Brazil,2000,50.3
Brazil,2005,55.1
Brazil,2010,53.6
Brazil,2011,52.2
Brazil,2012,53.1
Brazil,2013,53
Brazil,2014,52.9
Brazil,2015,53.4
Brazil,2016,53.3
Brazil,2017,54.2
Brazil,2018,54
Brunei Darussalam,1990,45.9
Brunei Darussalam,1995,50.4
Brunei Darussalam,2000,55.8
Brunei Darussalam,2005,56.2
Brunei Darussalam,2010,56.9
Brunei Darussalam,2011,57.2
Brunei Darussalam,2012,57.4
Brunei Darussalam,2013,57.6
Brunei Darussalam,2014,57.8
Brunei Darussalam,2015,58
Brunei Darussalam,2016,58.2
Brunei Darussalam,2017,58.4
Brunei Darussalam,2018,58.2
Bulgaria,1990,54.5
Bulgaria,1995,50.9
Bulgaria,2000,44.3
Bulgaria,2005,44.7
Bulgaria,2010,47.7
Bulgaria,2011,47.2
Bulgaria,2012,47.8
Bulgaria,2013,48.5
Bulgaria,2014,48.6
Bulgaria,2015,48.6
Bulgaria,2016,47.8
Bulgaria,2017,49.6
Bulgaria,2018,49.5
Burkina Faso,1990,76.3
Burkina Faso,1995,72.9
Burkina Faso,2000,68
Burkina Faso,2005,62.4
Burkina Faso,2010,59.7
Burkina Faso,2011,59.3
Burkina Faso,2012,59
Burkina Faso,2013,58.6
Burkina Faso,2014,58.3
Burkina Faso,2015,58.4
Burkina Faso,2016,58.5
Burkina Faso,2017,58.6
Burkina Faso,2018,58.5
Burundi,1990,90.8
Burundi,1995,88
Burundi,2000,84.3
Burundi,2005,82.1
Burundi,2010,80.4
Burundi,2011,80.1
Burundi,2012,79.9
Burundi,2013,79.8
Burundi,2014,79.6
Burundi,2015,79.8
Burundi,2016,80.1
Burundi,2017,80.3
Burundi,2018,80.4
Cabo Verde,1990,42.3
Cabo Verde,1995,47
Cabo Verde,2000,50.8
Cabo Verde,2005,54.3
Cabo Verde,2010,58.7
Cabo Verde,2011,59.7
Cabo Verde,2012,60.7
Cabo Verde,2013,61.6
Cabo Verde,2014,62.6
Cabo Verde,2015,63.5
Cabo Verde,2016,64.1
Cabo Verde,2017,64.7
Cabo Verde,2018,65.1
Cambodia,1990,77.1
Cambodia,1995,77.2
Cambodia,2000,76.6
Cambodia,2005,76.9
Cambodia,2010,81.8
Cambodia,2011,80.7
Cambodia,2012,79.4
Cambodia,2013,78.1
Cambodia,2014,76.8
Cambodia,2015,75.3
Cambodia,2016,75.2
Cambodia,2017,75.1
Cambodia,2018,75.2
Cameroon,1990,78.1
Cameroon,1995,78
Cameroon,2000,78
Cameroon,2005,78.1
Cameroon,2010,70.6
Cameroon,2011,70.7
Cameroon,2012,70.8
Cameroon,2013,70.9
Cameroon,2014,71.1
Cameroon,2015,71.2
Cameroon,2016,71.3
Cameroon,2017,71.4
Cameroon,2018,71.2
Canada,1990,57.9
Canada,1995,56.8
Canada,2000,58.7
Canada,2005,60.9
Canada,2010,61.9
Canada,2011,61.6
Canada,2012,61.6
Canada,2013,61.7
Canada,2014,61.1
Canada,2015,60.8
Canada,2016,60.8
Canada,2017,61
Canada,2018,60.9
Central African Republic,1990,65.7
Central African Republic,1995,65.9
Central African Republic,2000,65.9
Central African Republic,2005,65.8
Central African Republic,2010,65.7
Central African Republic,2011,65.5
Central African Republic,2012,65.3
Central African Republic,2013,65.1
Central African Republic,2014,64.8
Central African Republic,2015,64.6
Central African Republic,2016,64.7
Central African Republic,2017,64.8
Central African Republic,2018,64.7
Chad,1990,65.1
Chad,1995,64.5
Chad,2000,64.1
Chad,2005,63.9
Chad,2010,64.1
Chad,2011,64.1
Chad,2012,64.2
Chad,2013,64.3
Chad,2014,64.4
Chad,2015,64.5
Chad,2016,64.6
Chad,2017,64.7
Chad,2018,64.8
Chile,1990,34.3
Chile,1995,36.5
Chile,2000,38.3
Chile,2005,41.4
Chile,2010,47.1
Chile,2011,49
Chile,2012,49.2
Chile,2013,49.6
Chile,2014,50.1
Chile,2015,50.1
Chile,2016,50.4
Chile,2017,50.9
Chile,2018,51
China,1990,73.2
China,1995,72.5
China,2000,71
China,2005,66.8
China,2010,63.8
China,2011,63.6
China,2012,63.4
China,2013,63.2
China,2014,62.9
China,2015,62.6
China,2016,62.2
China,2017,61.8
China,2018,61.3
Colombia,1990,52.1
Colombia,1995,52.9
Colombia,2000,54
Colombia,2005,53
Colombia,2010,56.5
Colombia,2011,57.3
Colombia,2012,58.8
Colombia,2013,58.7
Colombia,2014,58.7
Colombia,2015,59.3
Colombia,2016,58.9
Colombia,2017,58.6
Colombia,2018,58.6
Comoros,1990,30.1
Comoros,1995,30.5
Comoros,2000,31.8
Comoros,2005,33.5
Comoros,2010,35.1
Comoros,2011,35.4
Comoros,2012,35.7
Comoros,2013,36
Comoros,2014,36.3
Comoros,2015,36.6
Comoros,2016,36.9
Comoros,2017,37.2
Comoros,2018,37.4
Congo,1990,64.8
Congo,1995,65.4
Congo,2000,66.1
Congo,2005,66.7
Congo,2010,67.4
Congo,2011,67.4
Congo,2012,67.3
Congo,2013,67.2
Congo,2014,67.2
Congo,2015,67.1
Congo,2016,67.1
Congo,2017,67
Congo,2018,66.9
Congo (Democratic Republic of the),1990,71.2
Congo (Democratic Republic of the),1995,70.9
Congo (Democratic Republic of the),2000,70.6
Congo (Democratic Republic of the),2005,70.5
Congo (Democratic Republic of the),2010,63.9
Congo (Democratic Republic of the),2011,62.5
Congo (Democratic Republic of the),2012,61.1
Congo (Democratic Republic of the),2013,61.1
Congo (Democratic Republic of the),2014,61.1
Congo (Democratic Republic of the),2015,61.1
Congo (Democratic Republic of the),2016,61.1
Congo (Democratic Republic of the),2017,61.1
Congo (Democratic Republic of the),2018,60.8
Costa Rica,1990,32.9
Costa Rica,1995,36.1
Costa Rica,2000,38.6
Costa Rica,2005,44.7
Costa Rica,2010,46.6
Costa Rica,2011,45.3
Costa Rica,2012,50.3
Costa Rica,2013,49.8
Costa Rica,2014,49.2
Costa Rica,2015,48.3
Costa Rica,2016,44.7
Costa Rica,2017,45.4
Costa Rica,2018,45.7
Croatia,1990,47.3
Croatia,1995,45.9
Croatia,2000,45.3
Croatia,2005,46.2
Croatia,2010,46.2
Croatia,2011,44.6
Croatia,2012,44.6
Croatia,2013,44.6
Croatia,2014,46.5
Croatia,2015,47
Croatia,2016,45.6
Croatia,2017,45.8
Croatia,2018,45.7
Cuba,1990,35.9
Cuba,1995,36.4
Cuba,2000,36.2
Cuba,2005,38.3
Cuba,2010,42.3
Cuba,2011,42.1
Cuba,2012,41.6
Cuba,2013,41.4
Cuba,2014,41.2
Cuba,2015,40.9
Cuba,2016,40.5
Cuba,2017,40.2
Cuba,2018,40
Cyprus,1990,46.3
Cyprus,1995,47.2
Cyprus,2000,49.6
Cyprus,2005,53.2
Cyprus,2010,57.6
Cyprus,2011,56.8
Cyprus,2012,56.2
Cyprus,2013,56.3
Cyprus,2014,57.8
Cyprus,2015,57.9
Cyprus,2016,57
Cyprus,2017,57.3
Cyprus,2018,57.3
Czechia,1990,52
Czechia,1995,52.3
Czechia,2000,51.6
Czechia,2005,50.8
Czechia,2010,49.2
Czechia,2011,49.4
Czechia,2012,50.1
Czechia,2013,51
Czechia,2014,51
Czechia,2015,51.4
Czechia,2016,52.1
Czechia,2017,52.5
Czechia,2018,52.4
Côte d'Ivoire,1990,47.8
Côte d'Ivoire,1995,48.4
Côte d'Ivoire,2000,48.4
Côte d'Ivoire,2005,48.3
Côte d'Ivoire,2010,48.2
Côte d'Ivoire,2011,48.1
Côte d'Ivoire,2012,48.1
Côte d'Ivoire,2013,48.1
Côte d'Ivoire,2014,48
Côte d'Ivoire,2015,48
Côte d'Ivoire,2016,48.1
Côte d'Ivoire,2017,48.2
Côte d'Ivoire,2018,48.3
Denmark,1990,61.1
Denmark,1995,58
Denmark,2000,60.1
Denmark,2005,60.5
Denmark,2010,59.8
Denmark,2011,59.6
Denmark,2012,59.1
Denmark,2013,58.6
Denmark,2014,58
Denmark,2015,57.7
Denmark,2016,59.3
Denmark,2017,58.1
Denmark,2018,58.1
Djibouti,1990,44.8
Djibouti,1995,45.7
Djibouti,2000,47.2
Djibouti,2005,49.1
Djibouti,2010,51.3
Djibouti,2011,51.9
Djibouti,2012,52.4
Djibouti,2013,53
Djibouti,2014,53.5
Djibouti,2015,54
Djibouti,2016,54.4
Djibouti,2017,54.7
Djibouti,2018,54.8
Dominican Republic,1990,33.8
Dominican Republic,1995,35.5
Dominican Republic,2000,38.3
Dominican Republic,2005,39.6
Dominican Republic,2010,41.6
Dominican Republic,2011,44.8
Dominican Republic,2012,44.4
Dominican Republic,2013,44.9
Dominican Republic,2014,45.4
Dominican Republic,2015,49.6
Dominican Republic,2016,50.3
Dominican Republic,2017,50.7
Dominican Republic,2018,50.9
Ecuador,1990,47.7
Ecuador,1995,48.9
Ecuador,2000,51.5
Ecuador,2005,52.5
Ecuador,2010,49.9
Ecuador,2011,49.1
Ecuador,2012,50.3
Ecuador,2013,49.5
Ecuador,2014,48.5
Ecuador,2015,52.2
Ecuador,2016,55.8
Ecuador,2017,56.6
Ecuador,2018,56.6
Egypt,1990,21.3
Egypt,1995,21
Egypt,2000,19.9
Egypt,2005,20.2
Egypt,2010,22.6
Egypt,2011,22
Egypt,2012,22.5
Egypt,2013,23.4
Egypt,2014,23.7
Egypt,2015,22.6
Egypt,2016,22.9
Egypt,2017,22.7
Egypt,2018,22.8
El Salvador,1990,39.7
El Salvador,1995,43.1
El Salvador,2000,45.4
El Salvador,2005,45.5
El Salvador,2010,45.9
El Salvador,2011,45.7
El Salvador,2012,46.6
El Salvador,2013,47.5
El Salvador,2014,46.1
El Salvador,2015,45.1
El Salvador,2016,45.9
El Salvador,2017,45.9
El Salvador,2018,46.1
Equatorial Guinea,1990,49.1
Equatorial Guinea,1995,49.1
Equatorial Guinea,2000,50.4
Equatorial Guinea,2005,52.1
Equatorial Guinea,2010,54.1
Equatorial Guinea,2011,54.2
Equatorial Guinea,2012,54.4
Equatorial Guinea,2013,54.6
Equatorial Guinea,2014,55
Equatorial Guinea,2015,55.4
Equatorial Guinea,2016,55.2
Equatorial Guinea,2017,55.1
Equatorial Guinea,2018,55.2
Eritrea,1990,72.8
Eritrea,1995,70.9
Eritrea,2000,71.8
Eritrea,2005,73
Eritrea,2010,73.6
Eritrea,2011,73.6
Eritrea,2012,73.7
Eritrea,2013,73.8
Eritrea,2014,73.8
Eritrea,2015,73.9
Eritrea,2016,74
Eritrea,2017,74.1
Eritrea,2018,74.1
Estonia,1990,54.9
Estonia,1995,53.7
Estonia,2000,52.6
Estonia,2005,53.5
Estonia,2010,55
Estonia,2011,55.6
Estonia,2012,55.4
Estonia,2013,55.3
Estonia,2014,54.6
Estonia,2015,56
Estonia,2016,56.5
Estonia,2017,57.1
Estonia,2018,57
Eswatini (Kingdom of),1990,31.2
Eswatini (Kingdom of),1995,31.5
Eswatini (Kingdom of),2000,33.2
Eswatini (Kingdom of),2005,34.9
Eswatini (Kingdom of),2010,37.5
Eswatini (Kingdom of),2011,38.1
Eswatini (Kingdom of),2012,38.7
Eswatini (Kingdom of),2013,39.2
Eswatini (Kingdom of),2014,39.8
Eswatini (Kingdom of),2015,40.3
Eswatini (Kingdom of),2016,40.7
Eswatini (Kingdom of),2017,41.1
Eswatini (Kingdom of),2018,41.4
Ethiopia,1990,66.6
Ethiopia,1995,67.3
Ethiopia,2000,71.1
Ethiopia,2005,74.4
Ethiopia,2010,73.8
Ethiopia,2011,73.7
Ethiopia,2012,73.6
Ethiopia,2013,73.5
Ethiopia,2014,73.6
Ethiopia,2015,73.8
Ethiopia,2016,73.9
Ethiopia,2017,74.1
Ethiopia,2018,74.2
Fiji,1990,39.9
Fiji,1995,39.6
Fiji,2000,36.7
Fiji,2005,34.9
Fiji,2010,43.1
Fiji,2011,44.9
Fiji,2012,43.6
Fiji,2013,42.3
Fiji,2014,41.1
Fiji,2015,39.6
Fiji,2016,38.1
Fiji,2017,38
Fiji,2018,38.1
Finland,1990,59
Finland,1995,54.8
Finland,2000,56.2
Finland,2005,56.6
Finland,2010,56
Finland,2011,55.8
Finland,2012,56
Finland,2013,55.5
Finland,2014,55.5
Finland,2015,55.5
Finland,2016,55
Finland,2017,55.2
Finland,2018,55
France,1990,46.3
France,1995,47.7
France,2000,48.6
France,2005,50.1
France,2010,50.9
France,2011,50.8
France,2012,50.9
France,2013,51.1
France,2014,50.8
France,2015,50.7
France,2016,50.7
France,2017,50.4
France,2018,50.3
Gabon,1990,34.4
Gabon,1995,34
Gabon,2000,34.9
Gabon,2005,37
Gabon,2010,39.9
Gabon,2011,40.4
Gabon,2012,41
Gabon,2013,41.5
Gabon,2014,42.1
Gabon,2015,42.7
Gabon,2016,42.9
Gabon,2017,43.1
Gabon,2018,43.4
Gambia,1990,45.3
Gambia,1995,45.5
Gambia,2000,46.7
Gambia,2005,48.5
Gambia,2010,50.3
Gambia,2011,50.6
Gambia,2012,50.9
Gambia,2013,51
Gambia,2014,51.1
Gambia,2015,51.3
Gambia,2016,51.4
Gambia,2017,51.6
Gambia,2018,51.7
Georgia,1990,58.1
Georgia,1995,60.7
Georgia,2000,54.6
Georgia,2005,55.2
Georgia,2010,56
Georgia,2011,56.4
Georgia,2012,57.5
Georgia,2013,57
Georgia,2014,57.4
Georgia,2015,58.9
Georgia,2016,57.7
Georgia,2017,57.7
Georgia,2018,57.8
Germany,1990,45.2
Germany,1995,47.9
Germany,2000,49.1
Germany,2005,50.7
Germany,2010,52.8
Germany,2011,53.7
Germany,2012,53.7
Germany,2013,54.3
Germany,2014,54.5
Germany,2015,54.6
Germany,2016,55
Germany,2017,55.2
Germany,2018,55.3
Ghana,1990,71.6
Ghana,1995,72.2
Ghana,2000,72.7
Ghana,2005,69.4
Ghana,2010,66.6
Ghana,2011,66
Ghana,2012,65.4
Ghana,2013,64.7
Ghana,2014,64.1
Ghana,2015,63.4
Ghana,2016,63.6
Ghana,2017,63.7
Ghana,2018,63.6
Greece,1990,36.1
Greece,1995,36.9
Greece,2000,40.9
Greece,2005,42.7
Greece,2010,44.8
Greece,2011,44.6
Greece,2012,44.9
Greece,2013,44.7
Greece,2014,44.9
Greece,2015,45.5
Greece,2016,45.7
Greece,2017,45.5
Greece,2018,45.3
Guatemala,1990,38.4
Guatemala,1995,39.6
Guatemala,2000,41
Guatemala,2005,41.7
Guatemala,2010,40.5
Guatemala,2011,40.3
Guatemala,2012,46.1
Guatemala,2013,40.7
Guatemala,2014,40.8
Guatemala,2015,39.1
Guatemala,2016,40.8
Guatemala,2017,41.1
Guatemala,2018,41.1
Guinea,1990,63.3
Guinea,1995,62.8
Guinea,2000,62.8
Guinea,2005,62.9
Guinea,2010,63.2
Guinea,2011,63.3
Guinea,2012,63.4
Guinea,2013,63.5
Guinea,2014,63.7
Guinea,2015,63.8
Guinea,2016,63.9
Guinea,2017,64
Guinea,2018,64.1
Guinea-Bissau,1990,64.6
Guinea-Bissau,1995,64.6
Guinea-Bissau,2000,64.4
Guinea-Bissau,2005,65.2
Guinea-Bissau,2010,66.1
Guinea-Bissau,2011,66.2
Guinea-Bissau,2012,66.4
Guinea-Bissau,2013,66.5
Guinea-Bissau,2014,66.7
Guinea-Bissau,2015,66.9
Guinea-Bissau,2016,67
Guinea-Bissau,2017,67.2
Guinea-Bissau,2018,67.3
Guyana,1990,37
Guyana,1995,38.2
Guyana,2000,35.5
Guyana,2005,34.1
Guyana,2010,37.2
Guyana,2011,38
Guyana,2012,38.8
Guyana,2013,39.5
Guyana,2014,40.1
Guyana,2015,40.5
Guyana,2016,40.8
Guyana,2017,41
Guyana,2018,41.2
Haiti,1990,57.4
Haiti,1995,57.9
Haiti,2000,57.6
Haiti,2005,59.2
Haiti,2010,60.1
Haiti,2011,60.8
Haiti,2012,61.2
Haiti,2013,61.8
Haiti,2014,62.3
Haiti,2015,62.5
Haiti,2016,62.8
Haiti,2017,63
Haiti,2018,63.3
Honduras,1990,44
Honduras,1995,45.3
Honduras,2000,44.9
Honduras,2005,43
Honduras,2010,44.5
Honduras,2011,41.6
Honduras,2012,40.5
Honduras,2013,44.1
Honduras,2014,46.9
Honduras,2015,47.2
Honduras,2016,46.6
Honduras,2017,47.1
Honduras,2018,47.2
"Hong Kong, China (SAR)",1990,47.4
"Hong Kong, China (SAR)",1995,47.4
"Hong Kong, China (SAR)",2000,49.6
"Hong Kong, China (SAR)",2005,51.7
"Hong Kong, China (SAR)",2010,51.4
"Hong Kong, China (SAR)",2011,52.4
"Hong Kong, China (SAR)",2012,53
"Hong Kong, China (SAR)",2013,54
"Hong Kong, China (SAR)",2014,54
"Hong Kong, China (SAR)",2015,54.2
"Hong Kong, China (SAR)",2016,54.2
"Hong Kong, China (SAR)",2017,54.3
"Hong Kong, China (SAR)",2018,54.1
Hungary,1990,47.1
Hungary,1995,40.6
Hungary,2000,41.1
Hungary,2005,42.9
Hungary,2010,43.8
Hungary,2011,43.9
Hungary,2012,44.8
Hungary,2013,44.9
Hungary,2014,46.3
Hungary,2015,47.3
Hungary,2016,48
Hungary,2017,48.3
Hungary,2018,48.3
Iceland,1990,67.7
Iceland,1995,71.3
Iceland,2000,73.7
Iceland,2005,70.9
Iceland,2010,70.6
Iceland,2011,70.2
Iceland,2012,70.8
Iceland,2013,71.5
Iceland,2014,72.2
Iceland,2015,73.1
Iceland,2016,73.2
Iceland,2017,72.3
Iceland,2018,72.1
India,1990,30.4
India,1995,30.8
India,2000,30.4
India,2005,32.2
India,2010,25.8
India,2011,24.4
India,2012,23
India,2013,23.2
India,2014,23.4
India,2015,23.5
India,2016,23.7
India,2017,23.8
India,2018,23.6
Indonesia,1990,44.5
Indonesia,1995,49.1
Indonesia,2000,51.1
Indonesia,2005,45.5
Indonesia,2010,51.1
Indonesia,2011,51.1
Indonesia,2012,51.6
Indonesia,2013,50.9
Indonesia,2014,50.8
Indonesia,2015,50.8
Indonesia,2016,50.9
Indonesia,2017,52.2
Indonesia,2018,52.2
Iran (Islamic Republic of),1990,9.9
Iran (Islamic Republic of),1995,10.5
Iran (Islamic Republic of),2000,13.9
Iran (Islamic Republic of),2005,19.4
Iran (Islamic Republic of),2010,16
Iran (Islamic Republic of),2011,15.3
Iran (Islamic Republic of),2012,14.7
Iran (Islamic Republic of),2013,14.2
Iran (Islamic Republic of),2014,13.7
Iran (Islamic Republic of),2015,15.2
Iran (Islamic Republic of),2016,17.1
Iran (Islamic Republic of),2017,17
Iran (Islamic Republic of),2018,16.8
Iraq,1990,8.1
Iraq,1995,8.5
Iraq,2000,9.7
Iraq,2005,11.5
Iraq,2010,12.1
Iraq,2011,12
Iraq,2012,11.9
Iraq,2013,12
Iraq,2014,12.1
Iraq,2015,12.2
Iraq,2016,12.1
Iraq,2017,12.3
Iraq,2018,12.4
Ireland,1990,38.4
Ireland,1995,42.1
Ireland,2000,50.1
Ireland,2005,54.5
Ireland,2010,55.5
Ireland,2011,55.2
Ireland,2012,55
Ireland,2013,55.4
Ireland,2014,55
Ireland,2015,54.8
Ireland,2016,55.4
Ireland,2017,55.4
Ireland,2018,55.1
Israel,1990,46.3
Israel,1995,51.3
Israel,2000,53.2
Israel,2005,55.1
Israel,2010,57
Israel,2011,56.8
Israel,2012,58
Israel,2013,58.1
Israel,2014,59
Israel,2015,59
Israel,2016,59.4
Israel,2017,59.2
Israel,2018,59.2
Italy,1990,35.3
Italy,1995,33.6
Italy,2000,35.5
Italy,2005,37.9
Italy,2010,37.8
Italy,2011,37.9
Italy,2012,39.2
Italy,2013,39
Italy,2014,39.4
Italy,2015,39
Italy,2016,39.6
Italy,2017,40.1
Italy,2018,40
Jamaica,1990,59.5
Jamaica,1995,61.5
Jamaica,2000,56.8
Jamaica,2005,56.5
Jamaica,2010,56.7
Jamaica,2011,56.7
Jamaica,2012,56.8
Jamaica,2013,57.9
Jamaica,2014,58.1
Jamaica,2015,58.3
Jamaica,2016,59.7
Jamaica,2017,60.2
Jamaica,2018,60.4
Japan,1990,50.1
Japan,1995,50
Japan,2000,49.3
Japan,2005,48.4
Japan,2010,48.7
Japan,2011,48.4
Japan,2012,48.3
Japan,2013,49
Japan,2014,49.5
Japan,2015,49.9
Japan,2016,50.6
Japan,2017,51.4
Japan,2018,51.4
Jordan,1990,10.4
Jordan,1995,12.3
Jordan,2000,12.7
Jordan,2005,12.2
Jordan,2010,15.3
Jordan,2011,15.2
Jordan,2012,14.8
Jordan,2013,13.9
Jordan,2014,13.9
Jordan,2015,14
Jordan,2016,14
Jordan,2017,14.1
Jordan,2018,14.1
Kazakhstan,1990,65.3
Kazakhstan,1995,65.4
Kazakhstan,2000,65.6
Kazakhstan,2005,64.4
Kazakhstan,2010,65.4
Kazakhstan,2011,65.4
Kazakhstan,2012,65.4
Kazakhstan,2013,65.5
Kazakhstan,2014,65.6
Kazakhstan,2015,65.4
Kazakhstan,2016,65.4
Kazakhstan,2017,65.3
Kazakhstan,2018,65.2
Kenya,1990,68.5
Kenya,1995,69.5
Kenya,2000,68.5
Kenya,2005,60.1
Kenya,2010,61.7
Kenya,2011,62
Kenya,2012,62.3
Kenya,2013,62.5
Kenya,2014,62.8
Kenya,2015,63.1
Kenya,2016,63.3
Kenya,2017,63.6
Kenya,2018,63.6
Korea (Democratic People's Rep. of),1990,77.8
Korea (Democratic People's Rep. of),1995,77.4
Korea (Democratic People's Rep. of),2000,76.3
Korea (Democratic People's Rep. of),2005,75.5
Korea (Democratic People's Rep. of),2010,74.9
Korea (Democratic People's Rep. of),2011,74.8
Korea (Democratic People's Rep. of),2012,74.7
Korea (Democratic People's Rep. of),2013,74.6
Korea (Democratic People's Rep. of),2014,74.5
Korea (Democratic People's Rep. of),2015,74.5
Korea (Democratic People's Rep. of),2016,74.4
Korea (Democratic People's Rep. of),2017,74.4
Korea (Democratic People's Rep. of),2018,74.3
Korea (Republic of),1990,47
Korea (Republic of),1995,48.3
Korea (Republic of),2000,48.8
Korea (Republic of),2005,50.4
Korea (Republic of),2010,49.5
Korea (Republic of),2011,49.7
Korea (Republic of),2012,50
Korea (Republic of),2013,50.3
Korea (Republic of),2014,51.5
Korea (Republic of),2015,51.9
Korea (Republic of),2016,52.2
Korea (Republic of),2017,52.7
Korea (Republic of),2018,52.8
Kuwait,1990,42.9
Kuwait,1995,47.5
Kuwait,2000,49.6
Kuwait,2005,49
Kuwait,2010,53.6
Kuwait,2011,54.5
Kuwait,2012,55.4
Kuwait,2013,56.6
Kuwait,2014,57.6
Kuwait,2015,58.5
Kuwait,2016,58
Kuwait,2017,57.8
Kuwait,2018,57.5
Kyrgyzstan,1990,50.2
Kyrgyzstan,1995,56.1
Kyrgyzstan,2000,55.2
Kyrgyzstan,2005,54.1
Kyrgyzstan,2010,52.2
Kyrgyzstan,2011,52.6
Kyrgyzstan,2012,51.6
Kyrgyzstan,2013,49.2
Kyrgyzstan,2014,50.3
Kyrgyzstan,2015,49.8
Kyrgyzstan,2016,48.4
Kyrgyzstan,2017,48.3
Kyrgyzstan,2018,48
Lao People's Democratic Republic,1990,80
Lao People's Democratic Republic,1995,80
Lao People's Democratic Republic,2000,79.1
Lao People's Democratic Republic,2005,77.9
Lao People's Democratic Republic,2010,76.8
Lao People's Democratic Republic,2011,76.8
Lao People's Democratic Republic,2012,76.8
Lao People's Democratic Republic,2013,76.8
Lao People's Democratic Republic,2014,76.8
Lao People's Democratic Republic,2015,76.7
Lao People's Democratic Republic,2016,76.7
Lao People's Democratic Republic,2017,76.7
Lao People's Democratic Republic,2018,76.8
Latvia,1990,53.4
Latvia,1995,52.2
Latvia,2000,48.9
Latvia,2005,50.4
Latvia,2010,53.9
Latvia,2011,53
Latvia,2012,54.2
Latvia,2013,53.9
Latvia,2014,53.5
Latvia,2015,54.3
Latvia,2016,55.3
Latvia,2017,55.6
Latvia,2018,55.4
Lebanon,1990,19
Lebanon,1995,19.7
Lebanon,2000,20.5
Lebanon,2005,20.4
Lebanon,2010,22
Lebanon,2011,22.3
Lebanon,2012,22.5
Lebanon,2013,22.7
Lebanon,2014,22.8
Lebanon,2015,23
Lebanon,2016,23.2
Lebanon,2017,23.4
Lebanon,2018,23.5
Lesotho,1990,67.4
Lesotho,1995,68.6
Lesotho,2000,68.2
Lesotho,2005,64.1
Lesotho,2010,60.7
Lesotho,2011,60
Lesotho,2012,59.4
Lesotho,2013,58.8
Lesotho,2014,59
Lesotho,2015,59.3
Lesotho,2016,59.5
Lesotho,2017,59.8
Lesotho,2018,59.8
Liberia,1990,51.8
Liberia,1995,52.1
Liberia,2000,52.9
Liberia,2005,53.1
Liberia,2010,53.6
Liberia,2011,53.7
Liberia,2012,53.8
Liberia,2013,54
Liberia,2014,54.1
Liberia,2015,54.3
Liberia,2016,54.5
Liberia,2017,54.7
Liberia,2018,54.7
Libya,1990,14.5
Libya,1995,17.1
Libya,2000,19.7
Libya,2005,21.5
Libya,2010,22.5
Libya,2011,25.4
Libya,2012,23.1
Libya,2013,24.5
Libya,2014,26.1
Libya,2015,26.3
Libya,2016,26.5
Libya,2017,25.7
Libya,2018,25.7
Lithuania,1990,54.5
Lithuania,1995,53.7
Lithuania,2000,54.8
Lithuania,2005,50.6
Lithuania,2010,52.6
Lithuania,2011,53.1
Lithuania,2012,53.6
Lithuania,2013,53.3
Lithuania,2014,54.1
Lithuania,2015,54.6
Lithuania,2016,55.9
Lithuania,2017,56.2
Lithuania,2018,56.4
Luxembourg,1990,34.1
Luxembourg,1995,35.3
Luxembourg,2000,41.4
Luxembourg,2005,45.4
Luxembourg,2010,48.8
Luxembourg,2011,49.4
Luxembourg,2012,51
Luxembourg,2013,51.1
Luxembourg,2014,52
Luxembourg,2015,53.6
Luxembourg,2016,52.2
Luxembourg,2017,53.5
Luxembourg,2018,53.5
Madagascar,1990,84
Madagascar,1995,84
Madagascar,2000,84.1
Madagascar,2005,84.2
Madagascar,2010,87.1
Madagascar,2011,86.9
Madagascar,2012,86.6
Madagascar,2013,85.7
Madagascar,2014,84.7
Madagascar,2015,83.5
Madagascar,2016,83.5
Madagascar,2017,83.5
Madagascar,2018,83.6
Malawi,1990,76.6
Malawi,1995,76.2
Malawi,2000,75.7
Malawi,2005,74.2
Malawi,2010,73.1
Malawi,2011,72.9
Malawi,2012,72.7
Malawi,2013,72.5
Malawi,2014,72.5
Malawi,2015,72.6
Malawi,2016,72.7
Malawi,2017,72.8
Malawi,2018,72.9
Malaysia,1990,45.5
Malaysia,1995,44.9
Malaysia,2000,44.7
Malaysia,2005,44
Malaysia,2010,43.5
Malaysia,2011,45
Malaysia,2012,46.4
Malaysia,2013,49
Malaysia,2014,50
Malaysia,2015,50.3
Malaysia,2016,50.6
Malaysia,2017,50.7
Malaysia,2018,50.9
Maldives,1990,20.2
Maldives,1995,28.2
Maldives,2000,37.5
Maldives,2005,40.4
Maldives,2010,44.1
Maldives,2011,44.8
Maldives,2012,45.6
Maldives,2013,46.3
Maldives,2014,47
Maldives,2015,45
Maldives,2016,42.9
Maldives,2017,41.8
Maldives,2018,41.9
Mali,1990,60.1
Mali,1995,60
Mali,2000,60.4
Mali,2005,60.6
Mali,2010,60.5
Mali,2011,60.4
Mali,2012,60.4
Mali,2013,60.3
Mali,2014,60.3
Mali,2015,61.3
Mali,2016,61.3
Mali,2017,61.4
Mali,2018,61.3
Malta,1990,27
Malta,1995,27.4
Malta,2000,30.2
Malta,2005,29.6
Malta,2010,34.1
Malta,2011,35.5
Malta,2012,37.5
Malta,2013,39.3
Malta,2014,40.7
Malta,2015,41.6
Malta,2016,42.4
Malta,2017,43.3
Malta,2018,43.3
Mauritania,1990,28.8
Mauritania,1995,29
Mauritania,2000,29.8
Mauritania,2005,28.7
Mauritania,2010,28.2
Mauritania,2011,28.1
Mauritania,2012,28.1
Mauritania,2013,28.3
Mauritania,2014,28.5
Mauritania,2015,28.8
Mauritania,2016,28.9
Mauritania,2017,29.1
Mauritania,2018,29.2
Mauritius,1990,37.7
Mauritius,1995,39.1
Mauritius,2000,39.7
Mauritius,2005,41.3
Mauritius,2010,43.1
Mauritius,2011,42.1
Mauritius,2012,42.5
Mauritius,2013,44.3
Mauritius,2014,44.6
Mauritius,2015,45.7
Mauritius,2016,44.8
Mauritius,2017,45
Mauritius,2018,45
Mexico,1990,33.5
Mexico,1995,37.6
Mexico,2000,38.9
Mexico,2005,41.3
Mexico,2010,43.2
Mexico,2011,43.5
Mexico,2012,44.6
Mexico,2013,44.6
Mexico,2014,43.6
Mexico,2015,43.9
Mexico,2016,44
Mexico,2017,43.7
Mexico,2018,43.8
Moldova (Republic of),1990,45.9
Moldova (Republic of),1995,50
Moldova (Republic of),2000,50.2
Moldova (Republic of),2005,46.3
Moldova (Republic of),2010,38.6
Moldova (Republic of),2011,39.2
Moldova (Republic of),2012,38
Moldova (Republic of),2013,38.5
Moldova (Republic of),2014,38.3
Moldova (Republic of),2015,41.3
Moldova (Republic of),2016,40
Moldova (Republic of),2017,39.3
Moldova (Republic of),2018,38.9
Mongolia,1990,50.9
Mongolia,1995,53.3
Mongolia,2000,54.3
Mongolia,2005,53.7
Mongolia,2010,53.1
Mongolia,2011,53.9
Mongolia,2012,53.8
Mongolia,2013,53.7
Mongolia,2014,54
Mongolia,2015,53.7
Mongolia,2016,52.7
Mongolia,2017,53.3
Mongolia,2018,53.3
Montenegro,1990,44.2
Montenegro,1995,43.8
Montenegro,2000,43.2
Montenegro,2005,42.7
Montenegro,2010,42.6
Montenegro,2011,42.6
Montenegro,2012,42.7
Montenegro,2013,43.4
Montenegro,2014,43.9
Montenegro,2015,44.5
Montenegro,2016,43.9
Montenegro,2017,43.7
Montenegro,2018,43.6
Morocco,1990,23.4
Morocco,1995,23.9
Morocco,2000,24.9
Morocco,2005,26.5
Morocco,2010,25.6
Morocco,2011,25.5
Morocco,2012,24.8
Morocco,2013,24.6
Morocco,2014,23.8
Morocco,2015,23
Morocco,2016,22.3
Morocco,2017,21.5
Morocco,2018,21.4
Mozambique,1990,86.8
Mozambique,1995,86.9
Mozambique,2000,87.6
Mozambique,2005,86.6
Mozambique,2010,82.9
Mozambique,2011,82
Mozambique,2012,81
Mozambique,2013,80
Mozambique,2014,79
Mozambique,2015,77.8
Mozambique,2016,77.8
Mozambique,2017,77.8
Mozambique,2018,77.5
Myanmar,1990,61.8
Myanmar,1995,60.8
Myanmar,2000,59.3
Myanmar,2005,56.3
Myanmar,2010,53.6
Myanmar,2011,53.3
Myanmar,2012,52.9
Myanmar,2013,52.5
Myanmar,2014,52.1
Myanmar,2015,51.8
Myanmar,2016,49.8
Myanmar,2017,47.9
Myanmar,2018,47.7
Namibia,1990,48.1
Namibia,1995,48.9
Namibia,2000,48.9
Namibia,2005,51.1
Namibia,2010,52.9
Namibia,2011,53.4
Namibia,2012,54
Namibia,2013,58.2
Namibia,2014,57.5
Namibia,2015,56.4
Namibia,2016,55.4
Namibia,2017,55.7
Namibia,2018,56.2
Nepal,1990,81
Nepal,1995,81.7
Nepal,2000,81.4
Nepal,2005,79.9
Nepal,2010,79.3
Nepal,2011,79.7
Nepal,2012,80.2
Nepal,2013,80.6
Nepal,2014,80.9
Nepal,2015,81.1
Nepal,2016,81.4
Nepal,2017,81.7
Nepal,2018,81.7
Netherlands,1990,43.1
Netherlands,1995,47.3
Netherlands,2000,53.2
Netherlands,2005,56.6
Netherlands,2010,58.3
Netherlands,2011,58.1
Netherlands,2012,58.6
Netherlands,2013,58.5
Netherlands,2014,57.8
Netherlands,2015,58.2
Netherlands,2016,58
Netherlands,2017,58.1
Netherlands,2018,58
New Zealand,1990,53.3
New Zealand,1995,55.1
New Zealand,2000,56.7
New Zealand,2005,60.1
New Zealand,2010,61
New Zealand,2011,61.4
New Zealand,2012,61.6
New Zealand,2013,62
New Zealand,2014,62.9
New Zealand,2015,62.8
New Zealand,2016,63.9
New Zealand,2017,64.6
New Zealand,2018,64.6
Nicaragua,1990,37
Nicaragua,1995,33.8
Nicaragua,2000,38.6
Nicaragua,2005,44.1
Nicaragua,2010,47.1
Nicaragua,2011,47.5
Nicaragua,2012,48
Nicaragua,2013,48.5
Nicaragua,2014,48.9
Nicaragua,2015,49.5
Nicaragua,2016,50
Nicaragua,2017,50.4
Nicaragua,2018,50.7
Niger,1990,68.8
Niger,1995,68.9
Niger,2000,68.7
Niger,2005,68.2
Niger,2010,67.8
Niger,2011,67.7
Niger,2012,67.6
Niger,2013,67.5
Niger,2014,67.5
Niger,2015,67.4
Niger,2016,67.4
Niger,2017,67.4
Niger,2018,67.3
Nigeria,1990,47.1
Nigeria,1995,47.3
Nigeria,2000,47.5
Nigeria,2005,47.8
Nigeria,2010,49.2
Nigeria,2011,49.5
Nigeria,2012,49.9
Nigeria,2013,50.2
Nigeria,2014,50.3
Nigeria,2015,50.4
Nigeria,2016,50.4
Nigeria,2017,50.5
Nigeria,2018,50.6
North Macedonia,1990,43
North Macedonia,1995,42.6
North Macedonia,2000,40.9
North Macedonia,2005,42.1
North Macedonia,2010,42.8
North Macedonia,2011,43.4
North Macedonia,2012,43
North Macedonia,2013,44.4
North Macedonia,2014,43.9
North Macedonia,2015,43.5
North Macedonia,2016,42.4
North Macedonia,2017,42.7
North Macedonia,2018,42.7
Norway,1990,55.1
Norway,1995,57.1
Norway,2000,61.2
Norway,2005,60.7
Norway,2010,61.8
Norway,2011,61.6
Norway,2012,61.6
Norway,2013,61.6
Norway,2014,61.4
Norway,2015,61.3
Norway,2016,60.9
Norway,2017,60.3
Norway,2018,60.2
Oman,1990,20.5
Oman,1995,21.6
Oman,2000,23.2
Oman,2005,24.7
Oman,2010,27
Oman,2011,27.5
Oman,2012,28.1
Oman,2013,28.7
Oman,2014,29.5
Oman,2015,30.2
Oman,2016,30.7
Oman,2017,31
Oman,2018,31
Pakistan,1990,14
Pakistan,1995,12.5
Pakistan,2000,16.1
Pakistan,2005,18.4
Pakistan,2010,21.7
Pakistan,2011,22.1
Pakistan,2012,22.4
Pakistan,2013,22.6
Pakistan,2014,23
Pakistan,2015,23.9
Pakistan,2016,23.8
Pakistan,2017,23.7
Pakistan,2018,23.9
"Palestine, State of",1990,11.3
"Palestine, State of",1995,11.3
"Palestine, State of",2000,13.1
"Palestine, State of",2005,13.6
"Palestine, State of",2010,14.8
"Palestine, State of",2011,16.6
"Palestine, State of",2012,17.4
"Palestine, State of",2013,17.3
"Palestine, State of",2014,19.4
"Palestine, State of",2015,19
"Palestine, State of",2016,19.2
"Palestine, State of",2017,19
"Palestine, State of",2018,19.3
Panama,1990,38.2
Panama,1995,42.8
Panama,2000,44.9
Panama,2005,48
Panama,2010,47.1
Panama,2011,45.4
Panama,2012,48
Panama,2013,49.5
Panama,2014,49.5
Panama,2015,50.7
Panama,2016,51.2
Panama,2017,52.5
Panama,2018,52.5
Papua New Guinea,1990,71.2
Papua New Guinea,1995,69.5
Papua New Guinea,2000,70.5
Papua New Guinea,2005,59.6
Papua New Guinea,2010,47.1
Papua New Guinea,2011,47.2
Papua New Guinea,2012,47.1
Papua New Guinea,2013,47
Papua New Guinea,2014,46.6
Papua New Guinea,2015,46.4
Papua New Guinea,2016,46.3
Papua New Guinea,2017,46.3
Papua New Guinea,2018,46
Paraguay,1990,52.4
Paraguay,1995,53
Paraguay,2000,52.5
Paraguay,2005,56.1
Paraguay,2010,53.9
Paraguay,2011,55.4
Paraguay,2012,60.3
Paraguay,2013,58.7
Paraguay,2014,56
Paraguay,2015,55.9
Paraguay,2016,56.3
Paraguay,2017,56.6
Paraguay,2018,56.9
Peru,1990,43.4
Peru,1995,50.1
Peru,2000,55
Peru,2005,64
Peru,2010,72
Peru,2011,71.3
Peru,2012,71.1
Peru,2013,70.6
Peru,2014,69.6
Peru,2015,68.1
Peru,2016,68.2
Peru,2017,69.7
Peru,2018,69.9
Philippines,1990,47.3
Philippines,1995,47.8
Philippines,2000,47.7
Philippines,2005,47.6
Philippines,2010,48.5
Philippines,2011,49.3
Philippines,2012,48.8
Philippines,2013,48.8
Philippines,2014,49.6
Philippines,2015,49.1
Philippines,2016,48.6
Philippines,2017,45.5
Philippines,2018,45.7
Poland,1990,53.9
Poland,1995,51.2
Poland,2000,49.6
Poland,2005,47.8
Poland,2010,48.3
Poland,2011,48.4
Poland,2012,48.8
Poland,2013,48.8
Poland,2014,49.2
Poland,2015,49
Poland,2016,49
Poland,2017,49.2
Poland,2018,48.9
Portugal,1990,48.4
Portugal,1995,49.3
Portugal,2000,52.7
Portugal,2005,55.3
Portugal,2010,55.8
Portugal,2011,54.6
Portugal,2012,54.7
Portugal,2013,54.1
Portugal,2014,53.8
Portugal,2015,53.8
Portugal,2016,53.6
Portugal,2017,54.2
Portugal,2018,53.9
Qatar,1990,44.3
Qatar,1995,44.8
Qatar,2000,41.2
Qatar,2005,45.4
Qatar,2010,51.1
Qatar,2011,52.6
Qatar,2012,54.1
Qatar,2013,55.7
Qatar,2014,57.3
Qatar,2015,58.9
Qatar,2016,58.5
Qatar,2017,58.1
Qatar,2018,57.8
Romania,1990,62.1
Romania,1995,61.8
Romania,2000,57.9
Romania,2005,46.3
Romania,2010,46.3
Romania,2011,46.2
Romania,2012,46.3
Romania,2013,46
Romania,2014,46.2
Romania,2015,45.2
Romania,2016,44.5
Romania,2017,46
Romania,2018,45.6
Russian Federation,1990,58.8
Russian Federation,1995,53.7
Russian Federation,2000,54.7
Russian Federation,2005,55.2
Russian Federation,2010,55.9
Russian Federation,2011,56.2
Russian Federation,2012,56.1
Russian Federation,2013,55.8
Russian Federation,2014,55.7
Russian Federation,2015,55.6
Russian Federation,2016,55.7
Russian Federation,2017,55.3
Russian Federation,2018,54.9
Rwanda,1990,86.1
Rwanda,1995,86.1
Rwanda,2000,84.5
Rwanda,2005,84
Rwanda,2010,84.4
Rwanda,2011,84.4
Rwanda,2012,84.3
Rwanda,2013,84.2
Rwanda,2014,84.1
Rwanda,2015,84.1
Rwanda,2016,84.2
Rwanda,2017,84.2
Rwanda,2018,84.2
Saint Lucia,1990,47.6
Saint Lucia,1995,50.3
Saint Lucia,2000,52.8
Saint Lucia,2005,57.2
Saint Lucia,2010,58.1
Saint Lucia,2011,58.6
Saint Lucia,2012,58.8
Saint Lucia,2013,59
Saint Lucia,2014,59.2
Saint Lucia,2015,59.5
Saint Lucia,2016,59.7
Saint Lucia,2017,60
Saint Lucia,2018,60.2
Saint Vincent and the Grenadines,1990,44.3
Saint Vincent and the Grenadines,1995,47.6
Saint Vincent and the Grenadines,2000,50.3
Saint Vincent and the Grenadines,2005,54.1
Saint Vincent and the Grenadines,2010,56.4
Saint Vincent and the Grenadines,2011,56.5
Saint Vincent and the Grenadines,2012,56.7
Saint Vincent and the Grenadines,2013,56.9
Saint Vincent and the Grenadines,2014,57
Saint Vincent and the Grenadines,2015,57.1
Saint Vincent and the Grenadines,2016,57.2
Saint Vincent and the Grenadines,2017,57.2
Saint Vincent and the Grenadines,2018,57.3
Samoa,1990,24.9
Samoa,1995,25.3
Samoa,2000,25
Samoa,2005,24.6
Samoa,2010,24.3
Samoa,2011,24.2
Samoa,2012,24.1
Samoa,2013,24.1
Samoa,2014,24
Samoa,2015,23.9
Samoa,2016,23.8
Samoa,2017,23.7
Samoa,2018,23.7
Sao Tome and Principe,1990,36.1
Sao Tome and Principe,1995,37
Sao Tome and Principe,2000,38.8
Sao Tome and Principe,2005,40.3
Sao Tome and Principe,2010,41.5
Sao Tome and Principe,2011,41.8
Sao Tome and Principe,2012,42.1
Sao Tome and Principe,2013,42.3
Sao Tome and Principe,2014,42.6
Sao Tome and Principe,2015,42.8
Sao Tome and Principe,2016,43
Sao Tome and Principe,2017,43.3
Sao Tome and Principe,2018,43.3
Saudi Arabia,1990,14.5
Saudi Arabia,1995,14.9
Saudi Arabia,2000,16.1
Saudi Arabia,2005,17.7
Saudi Arabia,2010,18.2
Saudi Arabia,2011,19.6
Saudi Arabia,2012,20.3
Saudi Arabia,2013,20.3
Saudi Arabia,2014,20.7
Saudi Arabia,2015,22.1
Saudi Arabia,2016,23
Saudi Arabia,2017,23.3
Saudi Arabia,2018,23.4
Senegal,1990,31.4
Senegal,1995,31.9
Senegal,2000,32.8
Senegal,2005,33.8
Senegal,2010,34.3
Senegal,2011,34.4
Senegal,2012,34.5
Senegal,2013,34.6
Senegal,2014,34.7
Senegal,2015,34.8
Senegal,2016,34.9
Senegal,2017,35.1
Senegal,2018,35.2
Serbia,1990,48
Serbia,1995,47.6
Serbia,2000,46.9
Serbia,2005,45.4
Serbia,2010,42.9
Serbia,2011,42.6
Serbia,2012,43
Serbia,2013,44
Serbia,2014,44.4
Serbia,2015,44.1
Serbia,2016,46.1
Serbia,2017,47
Serbia,2018,46.8
Sierra Leone,1990,63.6
Sierra Leone,1995,63.6
Sierra Leone,2000,63.8
Sierra Leone,2005,64.4
Sierra Leone,2010,60.5
Sierra Leone,2011,59.7
Sierra Leone,2012,58.9
Sierra Leone,2013,58.1
Sierra Leone,2014,57.3
Sierra Leone,2015,57.5
Sierra Leone,2016,57.7
Sierra Leone,2017,57.9
Sierra Leone,2018,57.7
Singapore,1990,47.4
Singapore,1995,50.9
Singapore,2000,51.5
Singapore,2005,52.4
Singapore,2010,57
Singapore,2011,57.6
Singapore,2012,58.4
Singapore,2013,58.6
Singapore,2014,59.7
Singapore,2015,60.8
Singapore,2016,60.7
Singapore,2017,60.7
Singapore,2018,60.5
Slovakia,1990,59.8
Slovakia,1995,51.6
Slovakia,2000,52.3
Slovakia,2005,51.3
Slovakia,2010,50.6
Slovakia,2011,50.2
Slovakia,2012,50.7
Slovakia,2013,51.1
Slovakia,2014,51.1
Slovakia,2015,52
Slovakia,2016,52.7
Slovakia,2017,52.8
Slovakia,2018,52.7
Slovenia,1990,52.4
Slovenia,1995,51.5
Slovenia,2000,51.2
Slovenia,2005,52.9
Slovenia,2010,53.2
Slovenia,2011,52.4
Slovenia,2012,52.3
Slovenia,2013,51.8
Slovenia,2014,52.4
Slovenia,2015,52
Slovenia,2016,52.1
Slovenia,2017,53.8
Slovenia,2018,53.4
Solomon Islands,1990,62.6
Solomon Islands,1995,61.4
Solomon Islands,2000,63.3
Solomon Islands,2005,63.8
Solomon Islands,2010,63.3
Solomon Islands,2011,62.8
Solomon Islands,2012,62.7
Solomon Islands,2013,62.6
Solomon Islands,2014,62.6
Solomon Islands,2015,62.6
Solomon Islands,2016,62.5
Solomon Islands,2017,62.5
Solomon Islands,2018,62.4
Somalia,1990,22.3
Somalia,1995,20.9
Somalia,2000,18.5
Somalia,2005,17.5
Somalia,2010,17.6
Somalia,2011,17.6
Somalia,2012,17.9
Somalia,2013,18.2
Somalia,2014,18.5
Somalia,2015,18.7
Somalia,2016,18.9
Somalia,2017,19.1
Somalia,2018,19.1
South Africa,1990,42.6
South Africa,1995,46.1
South Africa,2000,49
South Africa,2005,47
South Africa,2010,44.7
South Africa,2011,45.2
South Africa,2012,45.4
South Africa,2013,46.4
South Africa,2014,46.6
South Africa,2015,47.8
South Africa,2016,47.8
South Africa,2017,48.9
South Africa,2018,48.9
South Sudan,1990,70.9
South Sudan,1995,70.7
South Sudan,2000,70.4
South Sudan,2005,70.5
South Sudan,2010,70.8
South Sudan,2011,70.9
South Sudan,2012,71
South Sudan,2013,71.1
South Sudan,2014,71.2
South Sudan,2015,71.4
South Sudan,2016,71.5
South Sudan,2017,71.6
South Sudan,2018,71.8
Spain,1990,33.8
Spain,1995,36.7
Spain,2000,40.6
Spain,2005,46.1
Spain,2010,51.5
Spain,2011,52.1
Spain,2012,52.7
Spain,2013,52.6
Spain,2014,52.4
Spain,2015,52.3
Spain,2016,52.3
Spain,2017,51.9
Spain,2018,51.7
Sri Lanka,1990,45.5
Sri Lanka,1995,36.3
Sri Lanka,2000,37.3
Sri Lanka,2005,36.9
Sri Lanka,2010,34.8
Sri Lanka,2011,34.6
Sri Lanka,2012,32.9
Sri Lanka,2013,35.7
Sri Lanka,2014,34.8
Sri Lanka,2015,34.7
Sri Lanka,2016,34.8
Sri Lanka,2017,35
Sri Lanka,2018,34.9
Sudan,1990,23.5
Sudan,1995,27.6
Sudan,2000,26.6
Sudan,2005,24.5
Sudan,2010,23
Sudan,2011,23.2
Sudan,2012,23.4
Sudan,2013,23.6
Sudan,2014,23.8
Sudan,2015,24.1
Sudan,2016,24.3
Sudan,2017,24.6
Sudan,2018,24.5
Suriname,1990,34
Suriname,1995,33.1
Suriname,2000,34.1
Suriname,2005,37
Suriname,2010,39.3
Suriname,2011,39.8
Suriname,2012,40
Suriname,2013,40.3
Suriname,2014,40.2
Suriname,2015,39.9
Suriname,2016,39.2
Suriname,2017,39.1
Suriname,2018,39.2
Sweden,1990,63.1
Sweden,1995,59.1
Sweden,2000,58.4
Sweden,2005,58.8
Sweden,2010,58.9
Sweden,2011,59.4
Sweden,2012,59.7
Sweden,2013,60.2
Sweden,2014,60.4
Sweden,2015,60.7
Sweden,2016,60.7
Sweden,2017,61
Sweden,2018,61.1
Switzerland,1990,57.1
Switzerland,1995,55.8
Switzerland,2000,57.8
Switzerland,2005,59.5
Switzerland,2010,59.9
Switzerland,2011,60.6
Switzerland,2012,60.9
Switzerland,2013,61.3
Switzerland,2014,62
Switzerland,2015,62.4
Switzerland,2016,62.9
Switzerland,2017,62.6
Switzerland,2018,62.6
Syrian Arab Republic,1990,23.7
Syrian Arab Republic,1995,23.2
Syrian Arab Republic,2000,20.1
Syrian Arab Republic,2005,16.2
Syrian Arab Republic,2010,13.2
Syrian Arab Republic,2011,13
Syrian Arab Republic,2012,12.8
Syrian Arab Republic,2013,12.5
Syrian Arab Republic,2014,12.3
Syrian Arab Republic,2015,12
Syrian Arab Republic,2016,12.1
Syrian Arab Republic,2017,12.2
Syrian Arab Republic,2018,12
Tajikistan,1990,29
Tajikistan,1995,29.5
Tajikistan,2000,30
Tajikistan,2005,30.3
Tajikistan,2010,29.5
Tajikistan,2011,29.3
Tajikistan,2012,29
Tajikistan,2013,28.7
Tajikistan,2014,28.5
Tajikistan,2015,28.3
Tajikistan,2016,28.1
Tajikistan,2017,27.9
Tajikistan,2018,27.8
Tanzania (United Republic of),1990,84.5
Tanzania (United Republic of),1995,84.5
Tanzania (United Republic of),2000,84.5
Tanzania (United Republic of),2005,86.6
Tanzania (United Republic of),2010,83.9
Tanzania (United Republic of),2011,83
Tanzania (United Republic of),2012,81.9
Tanzania (United Republic of),2013,80.8
Tanzania (United Republic of),2014,79.5
Tanzania (United Republic of),2015,79.6
Tanzania (United Republic of),2016,79.6
Tanzania (United Republic of),2017,79.6
Tanzania (United Republic of),2018,79.4
Thailand,1990,67.2
Thailand,1995,66.5
Thailand,2000,65.9
Thailand,2005,65.7
Thailand,2010,63.9
Thailand,2011,66
Thailand,2012,65.2
Thailand,2013,62.4
Thailand,2014,61.5
Thailand,2015,61
Thailand,2016,60.1
Thailand,2017,59.8
Thailand,2018,59.5
Timor-Leste,1990,42.9
Timor-Leste,1995,41.2
Timor-Leste,2000,39.6
Timor-Leste,2005,31.6
Timor-Leste,2010,26.5
Timor-Leste,2011,26.2
Timor-Leste,2012,25.9
Timor-Leste,2013,25.7
Timor-Leste,2014,25.5
Timor-Leste,2015,25.3
Timor-Leste,2016,25.2
Timor-Leste,2017,25.2
Timor-Leste,2018,25
Togo,1990,79.4
Togo,1995,79.4
Togo,2000,80
Togo,2005,80.5
Togo,2010,77
Togo,2011,75.9
Togo,2012,76
Togo,2013,76.1
Togo,2014,76.2
Togo,2015,76.2
Togo,2016,76.3
Togo,2017,76.3
Togo,2018,76.1
Tonga,1990,35.9
Tonga,1995,45.1
Tonga,2000,44.2
Tonga,2005,45.7
Tonga,2010,45.3
Tonga,2011,45.3
Tonga,2012,45.3
Tonga,2013,45.4
Tonga,2014,45.3
Tonga,2015,45.2
Tonga,2016,45.3
Tonga,2017,45.3
Tonga,2018,45.3
Trinidad and Tobago,1990,38.6
Trinidad and Tobago,1995,44.8
Trinidad and Tobago,2000,46.5
Trinidad and Tobago,2005,53.5
Trinidad and Tobago,2010,51
Trinidad and Tobago,2011,50.4
Trinidad and Tobago,2012,51.6
Trinidad and Tobago,2013,51.9
Trinidad and Tobago,2014,52.3
Trinidad and Tobago,2015,50.9
Trinidad and Tobago,2016,51.2
Trinidad and Tobago,2017,50.5
Trinidad and Tobago,2018,50.4
Tunisia,1990,22.4
Tunisia,1995,22.9
Tunisia,2000,23.2
Tunisia,2005,23.3
Tunisia,2010,24.5
Tunisia,2011,24.5
Tunisia,2012,25.3
Tunisia,2013,25.1
Tunisia,2014,24.9
Tunisia,2015,24.7
Tunisia,2016,24.5
Tunisia,2017,24.2
Tunisia,2018,24.1
Turkey,1990,34
Turkey,1995,30.8
Turkey,2000,26.3
Turkey,2005,23.3
Turkey,2010,27
Turkey,2011,28.3
Turkey,2012,28.9
Turkey,2013,30.1
Turkey,2014,30.2
Turkey,2015,31.5
Turkey,2016,32.5
Turkey,2017,33.6
Turkey,2018,33.5
Turkmenistan,1990,49.3
Turkmenistan,1995,50.9
Turkmenistan,2000,51.8
Turkmenistan,2005,52.1
Turkmenistan,2010,52.4
Turkmenistan,2011,52.5
Turkmenistan,2012,52.7
Turkmenistan,2013,52.8
Turkmenistan,2014,52.9
Turkmenistan,2015,53
Turkmenistan,2016,53
Turkmenistan,2017,52.9
Turkmenistan,2018,52.8
Uganda,1990,62.6
Uganda,1995,63.2
Uganda,2000,64
Uganda,2005,65
Uganda,2010,65.9
Uganda,2011,66.1
Uganda,2012,66.3
Uganda,2013,66.4
Uganda,2014,66.6
Uganda,2015,66.7
Uganda,2016,66.9
Uganda,2017,67
Uganda,2018,67.2
Ukraine,1990,54.6
Ukraine,1995,54
Ukraine,2000,50.8
Ukraine,2005,48.6
Ukraine,2010,48.4
Ukraine,2011,48.3
Ukraine,2012,47.5
Ukraine,2013,48.4
Ukraine,2014,47
Ukraine,2015,47.4
Ukraine,2016,47.1
Ukraine,2017,46.9
Ukraine,2018,46.7
United Arab Emirates,1990,28.2
United Arab Emirates,1995,31.3
United Arab Emirates,2000,33.7
United Arab Emirates,2005,37.2
United Arab Emirates,2010,44
United Arab Emirates,2011,45.1
United Arab Emirates,2012,46.2
United Arab Emirates,2013,47.3
United Arab Emirates,2014,48.3
United Arab Emirates,2015,49.4
United Arab Emirates,2016,50.2
United Arab Emirates,2017,51.3
United Arab Emirates,2018,51.2
United Kingdom,1990,52
United Kingdom,1995,51.8
United Kingdom,2000,53.6
United Kingdom,2005,54.7
United Kingdom,2010,55.5
United Kingdom,2011,55.5
United Kingdom,2012,55.8
United Kingdom,2013,56.2
United Kingdom,2014,56.4
United Kingdom,2015,56.6
United Kingdom,2016,56.8
United Kingdom,2017,57
United Kingdom,2018,57.1
United States,1990,56.2
United States,1995,57.9
United States,2000,59
United States,2005,58.2
United States,2010,57.5
United States,2011,56.9
United States,2012,56.7
United States,2013,56.3
United States,2014,56.1
United States,2015,55.8
United States,2016,56
United States,2017,56.3
United States,2018,56.1
Uruguay,1990,45.1
Uruguay,1995,49.2
Uruguay,2000,51.4
Uruguay,2005,52.4
Uruguay,2010,55.3
Uruguay,2011,56
Uruguay,2012,55.8
Uruguay,2013,55
Uruguay,2014,56
Uruguay,2015,55.7
Uruguay,2016,55.9
Uruguay,2017,55.6
Uruguay,2018,55.8
Uzbekistan,1990,49.9
Uzbekistan,1995,51.2
Uzbekistan,2000,51.8
Uzbekistan,2005,52.3
Uzbekistan,2010,52.7
Uzbekistan,2011,52.9
Uzbekistan,2012,53
Uzbekistan,2013,53.1
Uzbekistan,2014,53.3
Uzbekistan,2015,53.3
Uzbekistan,2016,53.4
Uzbekistan,2017,53.4
Uzbekistan,2018,53.4
Vanuatu,1990,61.4
Vanuatu,1995,61.3
Vanuatu,2000,60.7
Vanuatu,2005,61.4
Vanuatu,2010,61.2
Vanuatu,2011,61.3
Vanuatu,2012,61.4
Vanuatu,2013,61.4
Vanuatu,2014,61.4
Vanuatu,2015,61.6
Vanuatu,2016,61.5
Vanuatu,2017,61.5
Vanuatu,2018,61.5
Venezuela (Bolivarian Republic of),1990,45.8
Venezuela (Bolivarian Republic of),1995,46.7
Venezuela (Bolivarian Republic of),2000,47.7
Venezuela (Bolivarian Republic of),2005,49.7
Venezuela (Bolivarian Republic of),2010,50.6
Venezuela (Bolivarian Republic of),2011,51
Venezuela (Bolivarian Republic of),2012,50.6
Venezuela (Bolivarian Republic of),2013,50.8
Venezuela (Bolivarian Republic of),2014,50.5
Venezuela (Bolivarian Republic of),2015,50.1
Venezuela (Bolivarian Republic of),2016,48.8
Venezuela (Bolivarian Republic of),2017,47.7
Venezuela (Bolivarian Republic of),2018,47.7
Viet Nam,1990,72.7
Viet Nam,1995,72.4
Viet Nam,2000,72.1
Viet Nam,2005,71.7
Viet Nam,2010,71.3
Viet Nam,2011,71.5
Viet Nam,2012,72
Viet Nam,2013,72.9
Viet Nam,2014,73.2
Viet Nam,2015,73
Viet Nam,2016,72.6
Viet Nam,2017,72.7
Viet Nam,2018,72.7
Yemen,1990,16.7
Yemen,1995,17.8
Yemen,2000,20.4
Yemen,2005,14.4
Yemen,2010,10.1
Yemen,2011,8.9
Yemen,2012,7.8
Yemen,2013,6.9
Yemen,2014,6.1
Yemen,2015,6.1
Yemen,2016,6.1
Yemen,2017,6.1
Yemen,2018,6
Zambia,1990,73.9
Zambia,1995,73.8
Zambia,2000,73.8
Zambia,2005,73.7
Zambia,2010,71.1
Zambia,2011,70.5
Zambia,2012,70
Zambia,2013,70.2
Zambia,2014,70.3
Zambia,2015,70.5
Zambia,2016,70.6
Zambia,2017,70.7
Zambia,2018,70.8
Zimbabwe,1990,73.1
Zimbabwe,1995,73.6
Zimbabwe,2000,72
Zimbabwe,2005,77.1
Zimbabwe,2010,77.4
Zimbabwe,2011,77.5
Zimbabwe,2012,77.7
Zimbabwe,2013,77.8
Zimbabwe,2014,77.9
Zimbabwe,2015,78.1
Zimbabwe,2016,78.2
Zimbabwe,2017,78.4
Zimbabwe,2018,78.6
Andorra,1990,..
Andorra,1995,..
Andorra,2000,..
Andorra,2005,..
Andorra,2010,..
Andorra,2011,..
Andorra,2012,..
Andorra,2013,..
Andorra,2014,..
Andorra,2015,..
Andorra,2016,..
Andorra,2017,..
Andorra,2018,..
Antigua and Barbuda,1990,..
Antigua and Barbuda,1995,..
Antigua and Barbuda,2000,..
Antigua and Barbuda,2005,..
Antigua and Barbuda,2010,..
Antigua and Barbuda,2011,..
Antigua and Barbuda,2012,..
Antigua and Barbuda,2013,..
Antigua and Barbuda,2014,..
Antigua and Barbuda,2015,..
Antigua and Barbuda,2016,..
Antigua and Barbuda,2017,..
Antigua and Barbuda,2018,..
Dominica,1990,..
Dominica,1995,..
Dominica,2000,..
Dominica,2005,..
Dominica,2010,..
Dominica,2011,..
Dominica,2012,..
Dominica,2013,..
Dominica,2014,..
Dominica,2015,..
Dominica,2016,..
Dominica,2017,..
Dominica,2018,..
Micronesia (Federated States of),1990,..
Micronesia (Federated States of),1995,..
Micronesia (Federated States of),2000,..
Micronesia (Federated States of),2005,..
Micronesia (Federated States of),2010,..
Micronesia (Federated States of),2011,..
Micronesia (Federated States of),2012,..
Micronesia (Federated States of),2013,..
Micronesia (Federated States of),2014,..
Micronesia (Federated States of),2015,..
Micronesia (Federated States of),2016,..
Micronesia (Federated States of),2017,..
Micronesia (Federated States of),2018,..
Grenada,1990,..
Grenada,1995,..
Grenada,2000,..
Grenada,2005,..
Grenada,2010,..
Grenada,2011,..
Grenada,2012,..
Grenada,2013,..
Grenada,2014,..
Grenada,2015,..
Grenada,2016,..
Grenada,2017,..
Grenada,2018,..
Kiribati,1990,..
Kiribati,1995,..
Kiribati,2000,..
Kiribati,2005,..
Kiribati,2010,..
Kiribati,2011,..
Kiribati,2012,..
Kiribati,2013,..
Kiribati,2014,..
Kiribati,2015,..
Kiribati,2016,..
Kiribati,2017,..
Kiribati,2018,..
Saint Kitts and Nevis,1990,..
Saint Kitts and Nevis,1995,..
Saint Kitts and Nevis,2000,..
Saint Kitts and Nevis,2005,..
Saint Kitts and Nevis,2010,..
Saint Kitts and Nevis,2011,..
Saint Kitts and Nevis,2012,..
Saint Kitts and Nevis,2013,..
Saint Kitts and Nevis,2014,..
Saint Kitts and Nevis,2015,..
Saint Kitts and Nevis,2016,..
Saint Kitts and Nevis,2017,..
Saint Kitts and Nevis,2018,..
Liechtenstein,1990,..
Liechtenstein,1995,..
Liechtenstein,2000,..
Liechtenstein,2005,..
Liechtenstein,2010,..
Liechtenstein,2011,..
Liechtenstein,2012,..
Liechtenstein,2013,..
Liechtenstein,2014,..
Liechtenstein,2015,..
Liechtenstein,2016,..
Liechtenstein,2017,..
Liechtenstein,2018,..
Marshall Islands,1990,..
Marshall Islands,1995,..
Marshall Islands,2000,..
Marshall Islands,2005,..
Marshall Islands,2010,..
Marshall Islands,2011,..
Marshall Islands,2012,..
Marshall Islands,2013,..
Marshall Islands,2014,..
Marshall Islands,2015,..
Marshall Islands,2016,..
Marshall Islands,2017,..
Marshall Islands,2018,..
Palau,1990,..
Palau,1995,..
Palau,2000,..
Palau,2005,..
Palau,2010,..
Palau,2011,..
Palau,2012,..
Palau,2013,..
Palau,2014,..
Palau,2015,..
Palau,2016,..
Palau,2017,..
Palau,2018,..
Seychelles,1990,..
Seychelles,1995,..
Seychelles,2000,..
Seychelles,2005,..
Seychelles,2010,..
Seychelles,2011,..
Seychelles,2012,..
Seychelles,2013,..
Seychelles,2014,..
Seychelles,2015,..
Seychelles,2016,..
Seychelles,2017,..
Seychelles,2018,..
Human Development,1990, 
Human Development,1995,..
Human Development,2000,..
Human Development,2005,..
Human Development,2010,..
Human Development,2011,..
Human Development,2012,..
Human Development,2013,..
Human Development,2014,..
Human Development,2015,..
Human Development,2016,..
Human Development,2017,..
Human Development,2018,..
Very high human development,1990,50
Very high human development,1995,49.8
Very high human development,2000,50.4
Very high human development,2005,50.6
Very high human development,2010,51.3
Very high human development,2011,51.3
Very high human development,2012,51.5
Very high human development,2013,51.6
Very high human development,2014,51.6
Very high human development,2015,51.7
Very high human development,2016,52
Very high human development,2017,52.2
Very high human development,2018,52.1
High human development,1990,59.5
High human development,1995,59.7
High human development,2000,59
High human development,2005,56.8
High human development,2010,55.4
High human development,2011,55.3
High human development,2012,55.3
High human development,2013,55
High human development,2014,54.7
High human development,2015,54.6
High human development,2016,54.4
High human development,2017,54.2
High human development,2018,53.9
Medium human development,1990,35.3
Medium human development,1995,35.6
Medium human development,2000,35.6
Medium human development,2005,36.8
Medium human development,2010,33.1
Medium human development,2011,32.3
Medium human development,2012,31.5
Medium human development,2013,31.7
Medium human development,2014,31.9
Medium human development,2015,32
Medium human development,2016,32.1
Medium human development,2017,32.3
Medium human development,2018,32.3
Low human development,1990,58.8
Low human development,1995,58.7
Low human development,2000,58.9
Low human development,2005,58.9
Low human development,2010,57.9
Low human development,2011,57.7
Low human development,2012,57.6
Low human development,2013,57.6
Low human development,2014,57.6
Low human development,2015,57.8
Low human development,2016,58
Low human development,2017,58.2
Low human development,2018,58.2
Developing Countries,1990,51.2
Developing Countries,1995,51.2
Developing Countries,2000,50.7
Developing Countries,2005,49.7
Developing Countries,2010,47.6
Developing Countries,2011,47.3
Developing Countries,2012,47
Developing Countries,2013,46.9
Developing Countries,2014,46.8
Developing Countries,2015,46.8
Developing Countries,2016,46.8
Developing Countries,2017,46.8
Developing Countries,2018,46.6
Regions,1990, 
Regions,1995,..
Regions,2000,..
Regions,2005,..
Regions,2010,..
Regions,2011,..
Regions,2012,..
Regions,2013,..
Regions,2014,..
Regions,2015,..
Regions,2016,..
Regions,2017,..
Regions,2018,..
Arab States,1990,19.1
Arab States,1995,19.6
Arab States,2000,19.5
Arab States,2005,19.4
Arab States,2010,20.1
Arab States,2011,20.2
Arab States,2012,20.4
Arab States,2013,20.7
Arab States,2014,20.6
Arab States,2015,20.4
Arab States,2016,20.5
Arab States,2017,20.4
Arab States,2018,20.4
East Asia and the Pacific,1990,68.6
East Asia and the Pacific,1995,68.4
East Asia and the Pacific,2000,67.3
East Asia and the Pacific,2005,63.5
East Asia and the Pacific,2010,61.8
East Asia and the Pacific,2011,61.8
East Asia and the Pacific,2012,61.6
East Asia and the Pacific,2013,61.3
East Asia and the Pacific,2014,61.1
East Asia and the Pacific,2015,60.8
East Asia and the Pacific,2016,60.4
East Asia and the Pacific,2017,60.1
East Asia and the Pacific,2018,59.7
Europe and Central Asia,1990,48.4
Europe and Central Asia,1995,47.5
Europe and Central Asia,2000,44.7
Europe and Central Asia,2005,43
Europe and Central Asia,2010,43.8
Europe and Central Asia,2011,44.2
Europe and Central Asia,2012,44.2
Europe and Central Asia,2013,44.7
Europe and Central Asia,2014,44.4
Europe and Central Asia,2015,44.9
Europe and Central Asia,2016,45.1
Europe and Central Asia,2017,45.4
Europe and Central Asia,2018,45.2
Latin America and the Caribbean,1990,41.5
Latin America and the Caribbean,1995,45.3
Latin America and the Caribbean,2000,47.4
Latin America and the Caribbean,2005,50.4
Latin America and the Caribbean,2010,51
Latin America and the Caribbean,2011,50.7
Latin America and the Caribbean,2012,51.5
Latin America and the Caribbean,2013,51.4
Latin America and the Caribbean,2014,51.1
Latin America and the Caribbean,2015,51.3
Latin America and the Caribbean,2016,51.5
Latin America and the Caribbean,2017,51.8
Latin America and the Caribbean,2018,51.8
South Asia,1990,28.8
South Asia,1995,28.9
South Asia,2000,29.1
South Asia,2005,30.9
South Asia,2010,26.5
South Asia,2011,25.5
South Asia,2012,24.6
South Asia,2013,24.8
South Asia,2014,25.1
South Asia,2015,25.4
South Asia,2016,25.7
South Asia,2017,26
South Asia,2018,25.9
Sub-Saharan Africa,1990,63
Sub-Saharan Africa,1995,63.4
Sub-Saharan Africa,2000,64
Sub-Saharan Africa,2005,63.9
Sub-Saharan Africa,2010,63.2
Sub-Saharan Africa,2011,63.1
Sub-Saharan Africa,2012,63
Sub-Saharan Africa,2013,63.1
Sub-Saharan Africa,2014,63
Sub-Saharan Africa,2015,63.2
Sub-Saharan Africa,2016,63.3
Sub-Saharan Africa,2017,63.5
Sub-Saharan Africa,2018,63.5
Least Developed Countries,1990,56.5
Least Developed Countries,1995,56.5
Least Developed Countries,2000,56.9
Least Developed Countries,2005,57
Least Developed Countries,2010,56.5
Least Developed Countries,2011,56.4
Least Developed Countries,2012,56.3
Least Developed Countries,2013,56.3
Least Developed Countries,2014,56.4
Least Developed Countries,2015,56.5
Least Developed Countries,2016,56.7
Least Developed Countries,2017,57.3
Least Developed Countries,2018,57.3
Small Island Developing States,1990,45.4
Small Island Developing States,1995,46.7
Small Island Developing States,2000,47.4
Small Island Developing States,2005,47.8
Small Island Developing States,2010,48.8
Small Island Developing States,2011,49.5
Small Island Developing States,2012,49.5
Small Island Developing States,2013,49.8
Small Island Developing States,2014,50.1
Small Island Developing States,2015,50.8
Small Island Developing States,2016,50.9
Small Island Developing States,2017,51
Small Island Developing States,2018,51
Organization for Economic Co-operation and Development,1990,47.8
Organization for Economic Co-operation and Development,1995,48.5
Organization for Economic Co-operation and Development,2000,49.3
Organization for Economic Co-operation and Development,2005,49.9
Organization for Economic Co-operation and Development,2010,50.7
Organization for Economic Co-operation and Development,2011,50.7
Organization for Economic Co-operation and Development,2012,50.9
Organization for Economic Co-operation and Development,2013,51
Organization for Economic Co-operation and Development,2014,51
Organization for Economic Co-operation and Development,2015,51.1
Organization for Economic Co-operation and Development,2016,51.4
Organization for Economic Co-operation and Development,2017,51.7
Organization for Economic Co-operation and Development,2018,51.6
World,1990,51.2
World,1995,51.2
World,2000,51
World,2005,50.3
World,2010,48.8
World,2011,48.5
World,2012,48.2
World,2013,48.2
World,2014,48.1
World,2015,48.1
World,2016,48.1
World,2017,48.1
World,2018,48
