Country,,0
Afghanistan,1995,..
Afghanistan,1997,..
Afghanistan,2000,..
Afghanistan,2005,25.9
Afghanistan,2010,27.6
Afghanistan,2011,27.6
Afghanistan,2012,27.6
Afghanistan,2013,27.6
Afghanistan,2014,27.6
Afghanistan,2015,27.4
Afghanistan,2016,27.4
Afghanistan,2017,27.4
Afghanistan,2018,27.4
Albania,1995,..
Albania,1997,..
Albania,2000,5.2
Albania,2005,7.1
Albania,2010,16.4
Albania,2011,15.7
Albania,2012,15.7
Albania,2013,17.9
Albania,2014,20
Albania,2015,20.7
Albania,2016,22.9
Albania,2017,27.9
Albania,2018,27.9
Algeria,1995,3.2
Algeria,1997,3.2
Algeria,2000,4
Algeria,2005,5.3
Algeria,2010,7
Algeria,2011,7.2
Algeria,2012,25.8
Algeria,2013,25.8
Algeria,2014,25.7
Algeria,2015,25.7
Algeria,2016,25.8
Algeria,2017,21.3
Algeria,2018,21.3
Andorra,1995,7.1
Andorra,1997,7.1
Andorra,2000,7.1
Andorra,2005,28.6
Andorra,2010,35.7
Andorra,2011,50
Andorra,2012,50
Andorra,2013,50
Andorra,2014,50
Andorra,2015,39.3
Andorra,2016,32.1
Andorra,2017,32.1
Andorra,2018,32.1
Angola,1995,9.5
Angola,1997,9.5
Angola,2000,15.5
Angola,2005,15
Angola,2010,38.6
Angola,2011,38.2
Angola,2012,34.1
Angola,2013,34.1
Angola,2014,36.8
Angola,2015,36.8
Angola,2016,36.8
Angola,2017,30.5
Angola,2018,30.5
Antigua and Barbuda,1995,11.1
Antigua and Barbuda,1997,11.1
Antigua and Barbuda,2000,8.3
Antigua and Barbuda,2005,13.9
Antigua and Barbuda,2010,19.4
Antigua and Barbuda,2011,19.4
Antigua and Barbuda,2012,19.4
Antigua and Barbuda,2013,19.4
Antigua and Barbuda,2014,21.2
Antigua and Barbuda,2015,25.7
Antigua and Barbuda,2016,25.7
Antigua and Barbuda,2017,20
Antigua and Barbuda,2018,31.4
Argentina,1995,22.8
Argentina,1997,22.8
Argentina,2000,21.3
Argentina,2005,37.4
Argentina,2010,37.8
Argentina,2011,37.7
Argentina,2012,37.7
Argentina,2013,37.1
Argentina,2014,37.1
Argentina,2015,..
Argentina,2016,37.1
Argentina,2017,38.9
Argentina,2018,39.5
Armenia,1995,6.3
Armenia,1997,6.3
Armenia,2000,3.1
Armenia,2005,5.3
Armenia,2010,9.2
Armenia,2011,8.4
Armenia,2012,10.7
Armenia,2013,10.7
Armenia,2014,10.7
Armenia,2015,10.7
Armenia,2016,10.7
Armenia,2017,18.1
Armenia,2018,18.1
Australia,1995,20.5
Australia,1997,20.5
Australia,2000,25
Australia,2005,28.3
Australia,2010,28.3
Australia,2011,29.2
Australia,2012,29.2
Australia,2013,31.1
Australia,2014,30.1
Australia,2015,30.5
Australia,2016,31.4
Australia,2017,32.7
Australia,2018,32.7
Austria,1995,24.7
Austria,1997,24.7
Austria,2000,25.1
Austria,2005,32.2
Austria,2010,28.3
Austria,2011,28.7
Austria,2012,28.7
Austria,2013,32.2
Austria,2014,31.4
Austria,2015,30.3
Austria,2016,30.3
Austria,2017,33.6
Austria,2018,34.8
Azerbaijan,1995,12
Azerbaijan,1997,12
Azerbaijan,2000,..
Azerbaijan,2005,13
Azerbaijan,2010,16
Azerbaijan,2011,16
Azerbaijan,2012,16
Azerbaijan,2013,15.6
Azerbaijan,2014,15.6
Azerbaijan,2015,16.9
Azerbaijan,2016,16.8
Azerbaijan,2017,16.8
Azerbaijan,2018,16.8
Bahamas,1995,19.6
Bahamas,1997,19.6
Bahamas,2000,19.6
Bahamas,2005,26.8
Bahamas,2010,17.9
Bahamas,2011,17.9
Bahamas,2012,16.7
Bahamas,2013,16.7
Bahamas,2014,16.7
Bahamas,2015,16.7
Bahamas,2016,16.7
Bahamas,2017,21.8
Bahamas,2018,21.8
Bahrain,1995,..
Bahrain,1997,..
Bahrain,2000,..
Bahrain,2005,7.5
Bahrain,2010,15
Bahrain,2011,18.8
Bahrain,2012,18.8
Bahrain,2013,18.8
Bahrain,2014,17.5
Bahrain,2015,15
Bahrain,2016,15
Bahrain,2017,15
Bahrain,2018,18.8
Bangladesh,1995,9.1
Bangladesh,1997,9.1
Bangladesh,2000,9.1
Bangladesh,2005,14.8
Bangladesh,2010,18.6
Bangladesh,2011,19.7
Bangladesh,2012,19.7
Bangladesh,2013,19.7
Bangladesh,2014,19.8
Bangladesh,2015,20
Bangladesh,2016,20
Bangladesh,2017,20.3
Bangladesh,2018,20.3
Barbados,1995,18.4
Barbados,1997,18.4
Barbados,2000,20.4
Barbados,2005,17.6
Barbados,2010,19.6
Barbados,2011,19.6
Barbados,2012,19.6
Barbados,2013,21.6
Barbados,2014,21.6
Barbados,2015,19.6
Barbados,2016,19.6
Barbados,2017,19.6
Barbados,2018,27.5
Belarus,1995,..
Belarus,1997,..
Belarus,2000,..
Belarus,2005,29.8
Belarus,2010,32.1
Belarus,2011,32.1
Belarus,2012,29.5
Belarus,2013,29.5
Belarus,2014,29.5
Belarus,2015,29.2
Belarus,2016,33.9
Belarus,2017,33.1
Belarus,2018,33.1
Belgium,1995,15.8
Belgium,1997,15.8
Belgium,2000,24.9
Belgium,2005,35.7
Belgium,2010,38.9
Belgium,2011,38.9
Belgium,2012,38.9
Belgium,2013,38.9
Belgium,2014,42.4
Belgium,2015,42.4
Belgium,2016,42.4
Belgium,2017,41.4
Belgium,2018,41.4
Belize,1995,10.8
Belize,1997,10.8
Belize,2000,13.5
Belize,2005,11.9
Belize,2010,11.1
Belize,2011,11.1
Belize,2012,13.3
Belize,2013,13.3
Belize,2014,13.3
Belize,2015,13.3
Belize,2016,13.3
Belize,2017,11.1
Belize,2018,11.1
Benin,1995,7.2
Benin,1997,7.2
Benin,2000,6
Benin,2005,7.2
Benin,2010,10.8
Benin,2011,8.4
Benin,2012,8.4
Benin,2013,8.4
Benin,2014,8.4
Benin,2015,7.2
Benin,2016,7.2
Benin,2017,7.2
Benin,2018,7.2
Bhutan,1995,2
Bhutan,1997,2
Bhutan,2000,9.3
Bhutan,2005,9.3
Bhutan,2010,13.9
Bhutan,2011,13.9
Bhutan,2012,13.9
Bhutan,2013,6.9
Bhutan,2014,8.3
Bhutan,2015,8.3
Bhutan,2016,8.3
Bhutan,2017,8.3
Bhutan,2018,15.3
Bolivia (Plurinational State of),1995,..
Bolivia (Plurinational State of),1997,..
Bolivia (Plurinational State of),2000,10.2
Bolivia (Plurinational State of),2005,14.7
Bolivia (Plurinational State of),2010,30.1
Bolivia (Plurinational State of),2011,30.1
Bolivia (Plurinational State of),2012,30.1
Bolivia (Plurinational State of),2013,30.1
Bolivia (Plurinational State of),2014,51.8
Bolivia (Plurinational State of),2015,51.8
Bolivia (Plurinational State of),2016,51.8
Bolivia (Plurinational State of),2017,51.8
Bolivia (Plurinational State of),2018,51.8
Bosnia and Herzegovina,1995,..
Bosnia and Herzegovina,1997,..
Bosnia and Herzegovina,2000,..
Bosnia and Herzegovina,2005,12.3
Bosnia and Herzegovina,2010,15.8
Bosnia and Herzegovina,2011,19.3
Bosnia and Herzegovina,2012,19.3
Bosnia and Herzegovina,2013,19.3
Bosnia and Herzegovina,2014,..
Bosnia and Herzegovina,2015,19.3
Bosnia and Herzegovina,2016,19.3
Bosnia and Herzegovina,2017,19.3
Bosnia and Herzegovina,2018,19.3
Botswana,1995,8.5
Botswana,1997,8.5
Botswana,2000,17
Botswana,2005,11.1
Botswana,2010,7.9
Botswana,2011,7.9
Botswana,2012,7.9
Botswana,2013,7.9
Botswana,2014,9.5
Botswana,2015,9.5
Botswana,2016,9.5
Botswana,2017,9.5
Botswana,2018,9.5
Brazil,1995,6.7
Brazil,1997,6.7
Brazil,2000,5.9
Brazil,2005,9.1
Brazil,2010,9.6
Brazil,2011,9.6
Brazil,2012,9.6
Brazil,2013,9.6
Brazil,2014,10.4
Brazil,2015,10.8
Brazil,2016,10.8
Brazil,2017,11.3
Brazil,2018,15
Brunei Darussalam,1995,..
Brunei Darussalam,1997,..
Brunei Darussalam,2000,..
Brunei Darussalam,2005,..
Brunei Darussalam,2010,..
Brunei Darussalam,2011,..
Brunei Darussalam,2012,..
Brunei Darussalam,2013,..
Brunei Darussalam,2014,..
Brunei Darussalam,2015,..
Brunei Darussalam,2016,6.5
Brunei Darussalam,2017,9.1
Brunei Darussalam,2018,9.1
Bulgaria,1995,10.8
Bulgaria,1997,10.8
Bulgaria,2000,10.8
Bulgaria,2005,22.1
Bulgaria,2010,20.8
Bulgaria,2011,20.8
Bulgaria,2012,22.9
Bulgaria,2013,24.6
Bulgaria,2014,20
Bulgaria,2015,20.4
Bulgaria,2016,20.4
Bulgaria,2017,23.8
Bulgaria,2018,23.8
Burkina Faso,1995,10.8
Burkina Faso,1997,10.8
Burkina Faso,2000,10.5
Burkina Faso,2005,11.7
Burkina Faso,2010,15.3
Burkina Faso,2011,15.3
Burkina Faso,2012,15.7
Burkina Faso,2013,15.7
Burkina Faso,2014,..
Burkina Faso,2015,9.4
Burkina Faso,2016,9.4
Burkina Faso,2017,11
Burkina Faso,2018,11
Burundi,1995,..
Burundi,1997,..
Burundi,2000,14.4
Burundi,2005,31.7
Burundi,2010,36.1
Burundi,2011,34.9
Burundi,2012,34.9
Burundi,2013,34.9
Burundi,2014,34.9
Burundi,2015,37.8
Burundi,2016,37.8
Burundi,2017,37.8
Burundi,2018,38.8
Cabo Verde,1995,11.1
Cabo Verde,1997,11.1
Cabo Verde,2000,11.1
Cabo Verde,2005,11.1
Cabo Verde,2010,18.1
Cabo Verde,2011,20.8
Cabo Verde,2012,20.8
Cabo Verde,2013,20.8
Cabo Verde,2014,20.8
Cabo Verde,2015,20.8
Cabo Verde,2016,20.8
Cabo Verde,2017,20.8
Cabo Verde,2018,20.8
Cambodia,1995,5.8
Cambodia,1997,5.8
Cambodia,2000,9.3
Cambodia,2005,10.9
Cambodia,2010,19
Cambodia,2011,18.5
Cambodia,2012,18.5
Cambodia,2013,18.5
Cambodia,2014,18.5
Cambodia,2015,19
Cambodia,2016,19
Cambodia,2017,18.5
Cambodia,2018,19.3
Cameroon,1995,5.6
Cameroon,1997,5.6
Cameroon,2000,5.6
Cameroon,2005,8.9
Cameroon,2010,13.9
Cameroon,2011,13.9
Cameroon,2012,13.9
Cameroon,2013,27.1
Cameroon,2014,27.1
Cameroon,2015,27.1
Cameroon,2016,27.1
Cameroon,2017,27.1
Cameroon,2018,29.3
Canada,1995,21.2
Canada,1997,21.2
Canada,2000,..
Canada,2005,24.7
Canada,2010,24.9
Canada,2011,27.7
Canada,2012,28
Canada,2013,28
Canada,2014,28.5
Canada,2015,28.3
Canada,2016,29.8
Canada,2017,30.1
Canada,2018,31.7
Central African Republic,1995,3.5
Central African Republic,1997,3.5
Central African Republic,2000,7.3
Central African Republic,2005,10.5
Central African Republic,2010,9.6
Central African Republic,2011,12.5
Central African Republic,2012,12.5
Central African Republic,2013,..
Central African Republic,2014,..
Central African Republic,2015,..
Central African Republic,2016,7.2
Central African Republic,2017,8.6
Central African Republic,2018,8.6
Chad,1995,2.4
Chad,1997,2.4
Chad,2000,2.4
Chad,2005,6.5
Chad,2010,5.2
Chad,2011,12.8
Chad,2012,14.9
Chad,2013,14.9
Chad,2014,14.9
Chad,2015,14.9
Chad,2016,14.9
Chad,2017,12.8
Chad,2018,15.3
Chile,1995,7.2
Chile,1997,7.2
Chile,2000,8.9
Chile,2005,11.9
Chile,2010,13.9
Chile,2011,13.9
Chile,2012,13.9
Chile,2013,16.5
Chile,2014,16.5
Chile,2015,15.8
Chile,2016,15.8
Chile,2017,..
Chile,2018,22.7
China,1995,..
China,1997,..
China,2000,21.8
China,2005,20.3
China,2010,21.3
China,2011,21.3
China,2012,21.3
China,2013,23.4
China,2014,23.4
China,2015,23.6
China,2016,23.6
China,2017,24.2
China,2018,24.9
Colombia,1995,9.8
Colombia,1997,9.8
Colombia,2000,12.2
Colombia,2005,10.9
Colombia,2010,13.8
Colombia,2011,13.6
Colombia,2012,13.6
Colombia,2013,13.6
Colombia,2014,20.9
Colombia,2015,20.9
Colombia,2016,20.9
Colombia,2017,19.8
Colombia,2018,19
Comoros,1995,0.1
Comoros,1997,0.1
Comoros,2000,..
Comoros,2005,3
Comoros,2010,3
Comoros,2011,3
Comoros,2012,3
Comoros,2013,3
Comoros,2014,3
Comoros,2015,3
Comoros,2016,3
Comoros,2017,6.1
Comoros,2018,6.1
Congo,1995,..
Congo,1997,..
Congo,2000,12
Congo,2005,10.1
Congo,2010,9.2
Congo,2011,9.6
Congo,2012,9.6
Congo,2013,9.6
Congo,2014,11.5
Congo,2015,11.5
Congo,2016,11.5
Congo,2017,14
Congo,2018,14
Congo (Democratic Republic of the),1995,..
Congo (Democratic Republic of the),1997,..
Congo (Democratic Republic of the),2000,..
Congo (Democratic Republic of the),2005,10.2
Congo (Democratic Republic of the),2010,7.7
Congo (Democratic Republic of the),2011,..
Congo (Democratic Republic of the),2012,8.3
Congo (Democratic Republic of the),2013,8.3
Congo (Democratic Republic of the),2014,9.7
Congo (Democratic Republic of the),2015,8.2
Congo (Democratic Republic of the),2016,8.2
Congo (Democratic Republic of the),2017,8.2
Congo (Democratic Republic of the),2018,8.2
Costa Rica,1995,15.8
Costa Rica,1997,15.8
Costa Rica,2000,19.3
Costa Rica,2005,35.1
Costa Rica,2010,38.6
Costa Rica,2011,38.6
Costa Rica,2012,38.6
Costa Rica,2013,38.6
Costa Rica,2014,33.3
Costa Rica,2015,33.3
Costa Rica,2016,33.3
Costa Rica,2017,35.1
Costa Rica,2018,45.6
Croatia,1995,7.2
Croatia,1997,7.2
Croatia,2000,16.1
Croatia,2005,21.7
Croatia,2010,23.5
Croatia,2011,23.8
Croatia,2012,23.8
Croatia,2013,23.8
Croatia,2014,23.8
Croatia,2015,15.2
Croatia,2016,12.6
Croatia,2017,18.5
Croatia,2018,18.5
Cuba,1995,22.8
Cuba,1997,22.8
Cuba,2000,27.6
Cuba,2005,36
Cuba,2010,43.2
Cuba,2011,45.2
Cuba,2012,45.2
Cuba,2013,48.9
Cuba,2014,48.9
Cuba,2015,48.9
Cuba,2016,48.9
Cuba,2017,48.9
Cuba,2018,53.2
Cyprus,1995,5.4
Cyprus,1997,5.4
Cyprus,2000,7.1
Cyprus,2005,16.1
Cyprus,2010,12.5
Cyprus,2011,10.7
Cyprus,2012,10.7
Cyprus,2013,10.7
Cyprus,2014,12.5
Cyprus,2015,12.5
Cyprus,2016,17.9
Cyprus,2017,17.9
Cyprus,2018,17.9
Czechia,1995,13.9
Czechia,1997,13.9
Czechia,2000,..
Czechia,2005,15.7
Czechia,2010,21
Czechia,2011,21
Czechia,2012,20.6
Czechia,2013,18.9
Czechia,2014,18.5
Czechia,2015,19.6
Czechia,2016,19.6
Czechia,2017,21.1
Czechia,2018,20.3
Côte d'Ivoire,1995,8
Côte d'Ivoire,1997,8
Côte d'Ivoire,2000,..
Côte d'Ivoire,2005,8.5
Côte d'Ivoire,2010,8.9
Côte d'Ivoire,2011,11
Côte d'Ivoire,2012,10.4
Côte d'Ivoire,2013,10.4
Côte d'Ivoire,2014,9.4
Côte d'Ivoire,2015,9.2
Côte d'Ivoire,2016,9.2
Côte d'Ivoire,2017,9.2
Côte d'Ivoire,2018,9.2
Denmark,1995,33
Denmark,1997,33
Denmark,2000,37.4
Denmark,2005,36.9
Denmark,2010,38
Denmark,2011,39.1
Denmark,2012,39.1
Denmark,2013,39.1
Denmark,2014,39.1
Denmark,2015,37.4
Denmark,2016,37.4
Denmark,2017,37.4
Denmark,2018,37.4
Djibouti,1995,..
Djibouti,1997,..
Djibouti,2000,0.1
Djibouti,2005,10.8
Djibouti,2010,13.8
Djibouti,2011,13.8
Djibouti,2012,13.8
Djibouti,2013,12.7
Djibouti,2014,12.7
Djibouti,2015,12.7
Djibouti,2016,12.7
Djibouti,2017,10.8
Djibouti,2018,26.2
Dominica,1995,9.4
Dominica,1997,9.4
Dominica,2000,..
Dominica,2005,12.9
Dominica,2010,12.5
Dominica,2011,12.5
Dominica,2012,12.5
Dominica,2013,12.5
Dominica,2014,12.9
Dominica,2015,21.9
Dominica,2016,21.9
Dominica,2017,25
Dominica,2018,25
Dominican Republic,1995,10
Dominican Republic,1997,10
Dominican Republic,2000,14.5
Dominican Republic,2005,15.4
Dominican Republic,2010,19.1
Dominican Republic,2011,19.1
Dominican Republic,2012,19.1
Dominican Republic,2013,19.1
Dominican Republic,2014,19.1
Dominican Republic,2015,19.1
Dominican Republic,2016,24.3
Dominican Republic,2017,24.3
Dominican Republic,2018,24.3
Ecuador,1995,3.7
Ecuador,1997,3.7
Ecuador,2000,14.6
Ecuador,2005,16
Ecuador,2010,32.3
Ecuador,2011,32.3
Ecuador,2012,32.3
Ecuador,2013,38.7
Ecuador,2014,41.6
Ecuador,2015,41.6
Ecuador,2016,41.6
Ecuador,2017,38
Ecuador,2018,38
Egypt,1995,2
Egypt,1997,2
Egypt,2000,2
Egypt,2005,3.8
Egypt,2010,..
Egypt,2011,..
Egypt,2012,2.2
Egypt,2013,..
Egypt,2014,..
Egypt,2015,..
Egypt,2016,14.9
Egypt,2017,14.9
Egypt,2018,14.9
El Salvador,1995,15.5
El Salvador,1997,15.5
El Salvador,2000,9.5
El Salvador,2005,10.7
El Salvador,2010,19
El Salvador,2011,19
El Salvador,2012,26.2
El Salvador,2013,26.2
El Salvador,2014,27.4
El Salvador,2015,32.1
El Salvador,2016,32.1
El Salvador,2017,32.1
El Salvador,2018,31
Equatorial Guinea,1995,8.8
Equatorial Guinea,1997,8.8
Equatorial Guinea,2000,5
Equatorial Guinea,2005,18
Equatorial Guinea,2010,10
Equatorial Guinea,2011,10
Equatorial Guinea,2012,10
Equatorial Guinea,2013,10.3
Equatorial Guinea,2014,18.3
Equatorial Guinea,2015,19.7
Equatorial Guinea,2016,19.7
Equatorial Guinea,2017,..
Equatorial Guinea,2018,18
Eritrea,1995,21
Eritrea,1997,21
Eritrea,2000,14.7
Eritrea,2005,22
Eritrea,2010,22
Eritrea,2011,22
Eritrea,2012,22
Eritrea,2013,22
Eritrea,2014,22
Eritrea,2015,22
Eritrea,2016,22
Eritrea,2017,22
Eritrea,2018,22
Estonia,1995,10.9
Estonia,1997,10.9
Estonia,2000,17.8
Estonia,2005,18.8
Estonia,2010,22.8
Estonia,2011,19.8
Estonia,2012,20.8
Estonia,2013,20.8
Estonia,2014,19
Estonia,2015,23.8
Estonia,2016,23.8
Estonia,2017,26.7
Estonia,2018,26.7
Eswatini (Kingdom of),1995,8.5
Eswatini (Kingdom of),1997,8.5
Eswatini (Kingdom of),2000,6.3
Eswatini (Kingdom of),2005,16.8
Eswatini (Kingdom of),2010,21.9
Eswatini (Kingdom of),2011,21.9
Eswatini (Kingdom of),2012,21.9
Eswatini (Kingdom of),2013,14.7
Eswatini (Kingdom of),2014,14.7
Eswatini (Kingdom of),2015,14.7
Eswatini (Kingdom of),2016,14.7
Eswatini (Kingdom of),2017,14.7
Eswatini (Kingdom of),2018,12.1
Ethiopia,1995,..
Ethiopia,1997,..
Ethiopia,2000,..
Ethiopia,2005,21
Ethiopia,2010,25.5
Ethiopia,2011,25.5
Ethiopia,2012,25.5
Ethiopia,2013,25.5
Ethiopia,2014,25.5
Ethiopia,2015,37.3
Ethiopia,2016,37.3
Ethiopia,2017,37.3
Ethiopia,2018,37.3
Fiji,1995,5.8
Fiji,1997,5.8
Fiji,2000,..
Fiji,2005,9.7
Fiji,2010,..
Fiji,2011,..
Fiji,2012,..
Fiji,2013,..
Fiji,2014,14
Fiji,2015,16
Fiji,2016,16
Fiji,2017,16
Fiji,2018,19.6
Finland,1995,33.5
Finland,1997,33.5
Finland,2000,36.5
Finland,2005,37.5
Finland,2010,40
Finland,2011,42.5
Finland,2012,42.5
Finland,2013,42.5
Finland,2014,42.5
Finland,2015,41.5
Finland,2016,41.5
Finland,2017,42
Finland,2018,42
France,1995,9
France,1997,9
France,2000,9.1
France,2005,13.9
France,2010,20
France,2011,20.1
France,2012,25.1
France,2013,25.1
France,2014,25.7
France,2015,25.7
France,2016,25.7
France,2017,35.4
France,2018,35.7
Gabon,1995,9.6
Gabon,1997,9.6
Gabon,2000,10.9
Gabon,2005,11.9
Gabon,2010,16.1
Gabon,2011,15.8
Gabon,2012,16.7
Gabon,2013,16.7
Gabon,2014,15.8
Gabon,2015,16
Gabon,2016,16
Gabon,2017,17.4
Gabon,2018,17.4
Gambia,1995,2
Gambia,1997,2
Gambia,2000,2
Gambia,2005,13.2
Gambia,2010,7.5
Gambia,2011,7.5
Gambia,2012,7.5
Gambia,2013,7.5
Gambia,2014,9.4
Gambia,2015,9.4
Gambia,2016,9.4
Gambia,2017,10.3
Gambia,2018,10.3
Georgia,1995,6.9
Georgia,1997,6.9
Georgia,2000,7.2
Georgia,2005,9.4
Georgia,2010,6.5
Georgia,2011,6.6
Georgia,2012,12
Georgia,2013,12
Georgia,2014,12
Georgia,2015,11.3
Georgia,2016,16
Georgia,2017,16
Georgia,2018,16
Germany,1995,25.5
Germany,1997,25.5
Germany,2000,30.4
Germany,2005,30.5
Germany,2010,31.7
Germany,2011,32.4
Germany,2012,32.4
Germany,2013,35.6
Germany,2014,35.6
Germany,2015,36.9
Germany,2016,36.9
Germany,2017,31.5
Germany,2018,31.5
Ghana,1995,9
Ghana,1997,9
Ghana,2000,..
Ghana,2005,10.9
Ghana,2010,8.3
Ghana,2011,8.3
Ghana,2012,..
Ghana,2013,10.9
Ghana,2014,10.9
Ghana,2015,10.9
Ghana,2016,10.9
Ghana,2017,12.7
Ghana,2018,12.7
Greece,1995,6.3
Greece,1997,6.3
Greece,2000,8.7
Greece,2005,13
Greece,2010,17.3
Greece,2011,18.7
Greece,2012,21
Greece,2013,21
Greece,2014,21
Greece,2015,19.7
Greece,2016,19.7
Greece,2017,18.3
Greece,2018,18.7
Grenada,1995,..
Grenada,1997,..
Grenada,2000,17.9
Grenada,2005,32.1
Grenada,2010,21.4
Grenada,2011,17.9
Grenada,2012,17.9
Grenada,2013,25
Grenada,2014,25
Grenada,2015,25
Grenada,2016,25
Grenada,2017,25
Grenada,2018,39.3
Guatemala,1995,12.5
Guatemala,1997,12.5
Guatemala,2000,8.8
Guatemala,2005,8.2
Guatemala,2010,12
Guatemala,2011,13.3
Guatemala,2012,13.3
Guatemala,2013,13.3
Guatemala,2014,13.3
Guatemala,2015,13.9
Guatemala,2016,13.9
Guatemala,2017,12.7
Guatemala,2018,12.7
Guinea,1995,7
Guinea,1997,7
Guinea,2000,8.8
Guinea,2005,19.3
Guinea,2010,..
Guinea,2011,..
Guinea,2012,..
Guinea,2013,..
Guinea,2014,21.9
Guinea,2015,21.9
Guinea,2016,21.9
Guinea,2017,21.9
Guinea,2018,21.9
Guinea-Bissau,1995,10
Guinea-Bissau,1997,10
Guinea-Bissau,2000,7.8
Guinea-Bissau,2005,14
Guinea-Bissau,2010,10
Guinea-Bissau,2011,10
Guinea-Bissau,2012,14
Guinea-Bissau,2013,14
Guinea-Bissau,2014,13.7
Guinea-Bissau,2015,13.7
Guinea-Bissau,2016,13.7
Guinea-Bissau,2017,13.7
Guinea-Bissau,2018,13.7
Guyana,1995,..
Guyana,1997,..
Guyana,2000,18.5
Guyana,2005,30.8
Guyana,2010,30
Guyana,2011,31.3
Guyana,2012,31.3
Guyana,2013,31.3
Guyana,2014,31.3
Guyana,2015,30.4
Guyana,2016,30.4
Guyana,2017,31.9
Guyana,2018,31.9
Haiti,1995,..
Haiti,1997,..
Haiti,2000,..
Haiti,2005,9.1
Haiti,2010,..
Haiti,2011,4
Haiti,2012,3.5
Haiti,2013,3.5
Haiti,2014,3.5
Haiti,2015,3.5
Haiti,2016,0.1
Haiti,2017,2.7
Haiti,2018,2.7
Honduras,1995,..
Honduras,1997,..
Honduras,2000,9.4
Honduras,2005,23.4
Honduras,2010,18
Honduras,2011,19.5
Honduras,2012,19.5
Honduras,2013,..
Honduras,2014,25.8
Honduras,2015,25.8
Honduras,2016,25.8
Honduras,2017,..
Honduras,2018,21.1
Hungary,1995,11.4
Hungary,1997,11.4
Hungary,2000,8.3
Hungary,2005,9.1
Hungary,2010,9.1
Hungary,2011,8.8
Hungary,2012,8.8
Hungary,2013,8.8
Hungary,2014,10.1
Hungary,2015,10.1
Hungary,2016,10.1
Hungary,2017,10.1
Hungary,2018,12.6
Iceland,1995,25.4
Iceland,1997,25.4
Iceland,2000,34.9
Iceland,2005,33.3
Iceland,2010,42.9
Iceland,2011,39.7
Iceland,2012,39.7
Iceland,2013,39.7
Iceland,2014,39.7
Iceland,2015,41.3
Iceland,2016,47.6
Iceland,2017,38.1
Iceland,2018,38.1
India,1995,7.3
India,1997,7.3
India,2000,..
India,2005,9.3
India,2010,10.7
India,2011,10.9
India,2012,10.9
India,2013,10.9
India,2014,11.8
India,2015,12.2
India,2016,11.7
India,2017,11.6
India,2018,11.7
Indonesia,1995,11.4
Indonesia,1997,11.4
Indonesia,2000,8
Indonesia,2005,11.3
Indonesia,2010,18
Indonesia,2011,18.2
Indonesia,2012,18.6
Indonesia,2013,18.6
Indonesia,2014,16.9
Indonesia,2015,17.1
Indonesia,2016,17.1
Indonesia,2017,19.8
Indonesia,2018,19.8
Iran (Islamic Republic of),1995,4.9
Iran (Islamic Republic of),1997,4.9
Iran (Islamic Republic of),2000,3.4
Iran (Islamic Republic of),2005,4.1
Iran (Islamic Republic of),2010,2.8
Iran (Islamic Republic of),2011,2.8
Iran (Islamic Republic of),2012,3.1
Iran (Islamic Republic of),2013,3.1
Iran (Islamic Republic of),2014,3.1
Iran (Islamic Republic of),2015,3.1
Iran (Islamic Republic of),2016,5.9
Iran (Islamic Republic of),2017,5.9
Iran (Islamic Republic of),2018,5.9
Iraq,1995,6.4
Iraq,1997,6.4
Iraq,2000,7.6
Iraq,2005,..
Iraq,2010,25.2
Iraq,2011,25.2
Iraq,2012,25.2
Iraq,2013,25.2
Iraq,2014,25.3
Iraq,2015,26.5
Iraq,2016,26.5
Iraq,2017,25.3
Iraq,2018,25.2
Ireland,1995,13.7
Ireland,1997,13.7
Ireland,2000,13.7
Ireland,2005,14.2
Ireland,2010,16.1
Ireland,2011,19
Ireland,2012,19
Ireland,2013,19.9
Ireland,2014,19.5
Ireland,2015,19.9
Ireland,2016,24.3
Ireland,2017,24.3
Ireland,2018,24.3
Israel,1995,7.5
Israel,1997,7.5
Israel,2000,12.5
Israel,2005,15
Israel,2010,19.2
Israel,2011,20
Israel,2012,20
Israel,2013,22.5
Israel,2014,22.5
Israel,2015,26.7
Israel,2016,26.7
Israel,2017,27.5
Israel,2018,27.5
Italy,1995,10
Italy,1997,10
Italy,2000,10
Italy,2005,10.4
Italy,2010,20.3
Italy,2011,20.6
Italy,2012,20.6
Italy,2013,30.6
Italy,2014,30.6
Italy,2015,30.1
Italy,2016,30.1
Italy,2017,30.1
Italy,2018,35.6
Jamaica,1995,12.3
Jamaica,1997,12.3
Jamaica,2000,16
Jamaica,2005,13.6
Jamaica,2010,13.6
Jamaica,2011,15.5
Jamaica,2012,15.5
Jamaica,2013,15.5
Jamaica,2014,16.7
Jamaica,2015,16.7
Jamaica,2016,19
Jamaica,2017,19
Jamaica,2018,19
Japan,1995,7.7
Japan,1997,7.7
Japan,2000,10.7
Japan,2005,10.7
Japan,2010,13.6
Japan,2011,13.4
Japan,2012,11.3
Japan,2013,10.8
Japan,2014,10.8
Japan,2015,11.6
Japan,2016,13.3
Japan,2017,13.7
Japan,2018,13.7
Jordan,1995,1.7
Jordan,1997,1.7
Jordan,2000,2.5
Jordan,2005,7.3
Jordan,2010,12.2
Jordan,2011,11.1
Jordan,2012,11.1
Jordan,2013,12.1
Jordan,2014,12
Jordan,2015,11.6
Jordan,2016,15.4
Jordan,2017,15.4
Jordan,2018,15.4
Kazakhstan,1995,11.4
Kazakhstan,1997,11.4
Kazakhstan,2000,11.2
Kazakhstan,2005,8.6
Kazakhstan,2010,13.6
Kazakhstan,2011,13.6
Kazakhstan,2012,18.2
Kazakhstan,2013,18.2
Kazakhstan,2014,19.8
Kazakhstan,2015,20.1
Kazakhstan,2016,20.8
Kazakhstan,2017,22.1
Kazakhstan,2018,22.1
Kenya,1995,3
Kenya,1997,3
Kenya,2000,3.6
Kenya,2005,7.1
Kenya,2010,9.8
Kenya,2011,9.8
Kenya,2012,9.8
Kenya,2013,19.9
Kenya,2014,20.3
Kenya,2015,20.8
Kenya,2016,20.8
Kenya,2017,23.3
Kenya,2018,23.3
Kiribati,1995,0.1
Kiribati,1997,0.1
Kiribati,2000,4.9
Kiribati,2005,4.8
Kiribati,2010,4.3
Kiribati,2011,8.7
Kiribati,2012,8.7
Kiribati,2013,8.7
Kiribati,2014,8.7
Kiribati,2015,8.7
Kiribati,2016,6.5
Kiribati,2017,6.5
Kiribati,2018,6.5
Korea (Democratic People's Rep. of),1995,20.1
Korea (Democratic People's Rep. of),1997,20.1
Korea (Democratic People's Rep. of),2000,20.1
Korea (Democratic People's Rep. of),2005,20.1
Korea (Democratic People's Rep. of),2010,15.6
Korea (Democratic People's Rep. of),2011,15.6
Korea (Democratic People's Rep. of),2012,15.6
Korea (Democratic People's Rep. of),2013,15.6
Korea (Democratic People's Rep. of),2014,16.3
Korea (Democratic People's Rep. of),2015,16.3
Korea (Democratic People's Rep. of),2016,16.3
Korea (Democratic People's Rep. of),2017,16.3
Korea (Democratic People's Rep. of),2018,16.3
Korea (Republic of),1995,3
Korea (Republic of),1997,3
Korea (Republic of),2000,5.9
Korea (Republic of),2005,13.4
Korea (Republic of),2010,14.7
Korea (Republic of),2011,14.7
Korea (Republic of),2012,15.7
Korea (Republic of),2013,15.7
Korea (Republic of),2014,16.3
Korea (Republic of),2015,16.3
Korea (Republic of),2016,17
Korea (Republic of),2017,17
Korea (Republic of),2018,17
Kuwait,1995,0.1
Kuwait,1997,0.1
Kuwait,2000,0.1
Kuwait,2005,1.5
Kuwait,2010,7.7
Kuwait,2011,7.7
Kuwait,2012,6.2
Kuwait,2013,6.2
Kuwait,2014,1.5
Kuwait,2015,1.5
Kuwait,2016,2
Kuwait,2017,3.1
Kuwait,2018,3.1
Kyrgyzstan,1995,4.8
Kyrgyzstan,1997,4.8
Kyrgyzstan,2000,6
Kyrgyzstan,2005,0.1
Kyrgyzstan,2010,23.3
Kyrgyzstan,2011,23.3
Kyrgyzstan,2012,23.3
Kyrgyzstan,2013,23.3
Kyrgyzstan,2014,23.3
Kyrgyzstan,2015,19.2
Kyrgyzstan,2016,19.2
Kyrgyzstan,2017,19.2
Kyrgyzstan,2018,19.2
Lao People's Democratic Republic,1995,..
Lao People's Democratic Republic,1997,..
Lao People's Democratic Republic,2000,21.2
Lao People's Democratic Republic,2005,22.9
Lao People's Democratic Republic,2010,25.2
Lao People's Democratic Republic,2011,25
Lao People's Democratic Republic,2012,25
Lao People's Democratic Republic,2013,25
Lao People's Democratic Republic,2014,25
Lao People's Democratic Republic,2015,25
Lao People's Democratic Republic,2016,27.5
Lao People's Democratic Republic,2017,27.5
Lao People's Democratic Republic,2018,27.5
Latvia,1995,9
Latvia,1997,9
Latvia,2000,17
Latvia,2005,21
Latvia,2010,20
Latvia,2011,23
Latvia,2012,23
Latvia,2013,23
Latvia,2014,18
Latvia,2015,18
Latvia,2016,18
Latvia,2017,16
Latvia,2018,31
Lebanon,1995,2.3
Lebanon,1997,2.3
Lebanon,2000,2.3
Lebanon,2005,4.7
Lebanon,2010,3.1
Lebanon,2011,3.1
Lebanon,2012,3.1
Lebanon,2013,3.1
Lebanon,2014,3.1
Lebanon,2015,3.1
Lebanon,2016,3.1
Lebanon,2017,3.1
Lebanon,2018,4.7
Lesotho,1995,11.2
Lesotho,1997,11.2
Lesotho,2000,10.7
Lesotho,2005,17
Lesotho,2010,22.9
Lesotho,2011,23.5
Lesotho,2012,26.8
Lesotho,2013,26.8
Lesotho,2014,26.8
Lesotho,2015,24.8
Lesotho,2016,24.8
Lesotho,2017,22.7
Lesotho,2018,22.7
Liberia,1995,..
Liberia,1997,..
Liberia,2000,11.1
Liberia,2005,13.8
Liberia,2010,13.8
Liberia,2011,10.7
Liberia,2012,11.7
Liberia,2013,11.7
Liberia,2014,11.7
Liberia,2015,10.7
Liberia,2016,10.7
Liberia,2017,9.9
Liberia,2018,11.7
Libya,1995,..
Libya,1997,..
Libya,2000,..
Libya,2005,4.7
Libya,2010,7.7
Libya,2011,..
Libya,2012,16.5
Libya,2013,16.5
Libya,2014,16
Libya,2015,16
Libya,2016,16
Libya,2017,16
Libya,2018,16
Liechtenstein,1995,4
Liechtenstein,1997,4
Liechtenstein,2000,4
Liechtenstein,2005,24
Liechtenstein,2010,24
Liechtenstein,2011,24
Liechtenstein,2012,24
Liechtenstein,2013,20
Liechtenstein,2014,20
Liechtenstein,2015,20
Liechtenstein,2016,20
Liechtenstein,2017,12
Liechtenstein,2018,12
Lithuania,1995,17.5
Lithuania,1997,17.5
Lithuania,2000,10.6
Lithuania,2005,22
Lithuania,2010,19.1
Lithuania,2011,19.1
Lithuania,2012,24.5
Lithuania,2013,24.1
Lithuania,2014,24.1
Lithuania,2015,23.4
Lithuania,2016,21.3
Lithuania,2017,21.3
Lithuania,2018,21.3
Luxembourg,1995,20
Luxembourg,1997,20
Luxembourg,2000,16.7
Luxembourg,2005,23.3
Luxembourg,2010,20
Luxembourg,2011,25
Luxembourg,2012,21.7
Luxembourg,2013,28.3
Luxembourg,2014,28.3
Luxembourg,2015,28.3
Luxembourg,2016,28.3
Luxembourg,2017,28.3
Luxembourg,2018,20
Madagascar,1995,3.7
Madagascar,1997,3.7
Madagascar,2000,8
Madagascar,2005,8.4
Madagascar,2010,12.1
Madagascar,2011,12.1
Madagascar,2012,15.8
Madagascar,2013,15.8
Madagascar,2014,20.5
Madagascar,2015,20.5
Madagascar,2016,20.1
Madagascar,2017,19.6
Madagascar,2018,19.6
Malawi,1995,5.7
Malawi,1997,5.7
Malawi,2000,9.3
Malawi,2005,13.6
Malawi,2010,20.8
Malawi,2011,22.3
Malawi,2012,22.3
Malawi,2013,22.3
Malawi,2014,16.7
Malawi,2015,16.7
Malawi,2016,16.7
Malawi,2017,16.7
Malawi,2018,16.7
Malaysia,1995,10.3
Malaysia,1997,10.3
Malaysia,2000,14.5
Malaysia,2005,13.1
Malaysia,2010,14
Malaysia,2011,12.9
Malaysia,2012,13.2
Malaysia,2013,13.9
Malaysia,2014,14.2
Malaysia,2015,13.2
Malaysia,2016,12.9
Malaysia,2017,13.1
Malaysia,2018,15.8
Maldives,1995,6.3
Maldives,1997,6.3
Maldives,2000,6
Maldives,2005,12
Maldives,2010,6.5
Maldives,2011,6.5
Maldives,2012,6.5
Maldives,2013,6.5
Maldives,2014,5.9
Maldives,2015,5.9
Maldives,2016,5.9
Maldives,2017,5.9
Maldives,2018,5.9
Mali,1995,12.2
Mali,1997,12.2
Mali,2000,12.2
Mali,2005,10.2
Mali,2010,10.2
Mali,2011,10.2
Mali,2012,10.2
Mali,2013,..
Mali,2014,9.5
Mali,2015,8.8
Mali,2016,8.8
Mali,2017,8.8
Mali,2018,8.8
Malta,1995,5.8
Malta,1997,5.8
Malta,2000,9.2
Malta,2005,9.2
Malta,2010,8.7
Malta,2011,8.7
Malta,2012,8.7
Malta,2013,14.3
Malta,2014,14.3
Malta,2015,12.9
Malta,2016,12.9
Malta,2017,11.9
Malta,2018,11.9
Marshall Islands,1995,..
Marshall Islands,1997,..
Marshall Islands,2000,3
Marshall Islands,2005,3
Marshall Islands,2010,3
Marshall Islands,2011,3
Marshall Islands,2012,3
Marshall Islands,2013,3
Marshall Islands,2014,3
Marshall Islands,2015,9.1
Marshall Islands,2016,9.1
Marshall Islands,2017,9.1
Marshall Islands,2018,9.1
Mauritania,1995,0.7
Mauritania,1997,0.7
Mauritania,2000,3
Mauritania,2005,..
Mauritania,2010,19.2
Mauritania,2011,19.2
Mauritania,2012,19.2
Mauritania,2013,..
Mauritania,2014,22.2
Mauritania,2015,22.2
Mauritania,2016,22.2
Mauritania,2017,25.2
Mauritania,2018,20.3
Mauritius,1995,7.6
Mauritius,1997,7.6
Mauritius,2000,5.7
Mauritius,2005,17.1
Mauritius,2010,18.8
Mauritius,2011,18.8
Mauritius,2012,18.8
Mauritius,2013,18.8
Mauritius,2014,18.8
Mauritius,2015,11.6
Mauritius,2016,11.6
Mauritius,2017,11.6
Mauritius,2018,11.6
Mexico,1995,13.9
Mexico,1997,13.9
Mexico,2000,15.9
Mexico,2005,23.7
Mexico,2010,24.8
Mexico,2011,25.5
Mexico,2012,36
Mexico,2013,36
Mexico,2014,36.8
Mexico,2015,40.6
Mexico,2016,40.6
Mexico,2017,41.4
Mexico,2018,48.4
Micronesia (Federated States of),1995,0.1
Micronesia (Federated States of),1997,0.1
Micronesia (Federated States of),2000,0.1
Micronesia (Federated States of),2005,0.1
Micronesia (Federated States of),2010,0.1
Micronesia (Federated States of),2011,0.1
Micronesia (Federated States of),2012,0.1
Micronesia (Federated States of),2013,0.1
Micronesia (Federated States of),2014,0.1
Micronesia (Federated States of),2015,0.1
Micronesia (Federated States of),2016,0.1
Micronesia (Federated States of),2017,0.1
Micronesia (Federated States of),2018,0.1
Moldova (Republic of),1995,4.8
Moldova (Republic of),1997,4.8
Moldova (Republic of),2000,7.9
Moldova (Republic of),2005,21.8
Moldova (Republic of),2010,18.8
Moldova (Republic of),2011,19.8
Moldova (Republic of),2012,19.8
Moldova (Republic of),2013,19.8
Moldova (Republic of),2014,17.8
Moldova (Republic of),2015,21.8
Moldova (Republic of),2016,21.8
Moldova (Republic of),2017,22.8
Moldova (Republic of),2018,22.8
Monaco,1995,5.6
Monaco,1997,5.6
Monaco,2000,22.2
Monaco,2005,20.8
Monaco,2010,26.1
Monaco,2011,19
Monaco,2012,19
Monaco,2013,20.8
Monaco,2014,20.8
Monaco,2015,20.8
Monaco,2016,20.8
Monaco,2017,20.8
Monaco,2018,33.3
Mongolia,1995,7.9
Mongolia,1997,7.9
Mongolia,2000,10.5
Mongolia,2005,6.7
Mongolia,2010,3.9
Mongolia,2011,3.9
Mongolia,2012,14.9
Mongolia,2013,14.9
Mongolia,2014,14.9
Mongolia,2015,14.5
Mongolia,2016,17.1
Mongolia,2017,17.1
Mongolia,2018,17.1
Montenegro,1995,..
Montenegro,1997,..
Montenegro,2000,..
Montenegro,2005,..
Montenegro,2010,11.1
Montenegro,2011,12.3
Montenegro,2012,17.3
Montenegro,2013,16
Montenegro,2014,17.3
Montenegro,2015,17.3
Montenegro,2016,23.5
Montenegro,2017,23.5
Montenegro,2018,23.5
Morocco,1995,0.7
Morocco,1997,0.7
Morocco,2000,0.7
Morocco,2005,6.4
Morocco,2010,6.7
Morocco,2011,11
Morocco,2012,11
Morocco,2013,11
Morocco,2014,11
Morocco,2015,15.7
Morocco,2016,18.4
Morocco,2017,18.4
Morocco,2018,18.4
Mozambique,1995,25.2
Mozambique,1997,25.2
Mozambique,2000,30
Mozambique,2005,34.8
Mozambique,2010,39.2
Mozambique,2011,39.2
Mozambique,2012,39.2
Mozambique,2013,39.2
Mozambique,2014,..
Mozambique,2015,39.6
Mozambique,2016,39.6
Mozambique,2017,39.6
Mozambique,2018,39.6
Myanmar,1995,..
Myanmar,1997,..
Myanmar,2000,..
Myanmar,2005,..
Myanmar,2010,4
Myanmar,2011,2.9
Myanmar,2012,4.6
Myanmar,2013,4.6
Myanmar,2014,4.3
Myanmar,2015,13
Myanmar,2016,10
Myanmar,2017,10.2
Myanmar,2018,10.2
Namibia,1995,17.3
Namibia,1997,17.3
Namibia,2000,20.4
Namibia,2005,26.9
Namibia,2010,25
Namibia,2011,25
Namibia,2012,25
Namibia,2013,25
Namibia,2014,..
Namibia,2015,37.7
Namibia,2016,36.3
Namibia,2017,36.3
Namibia,2018,39.7
Nauru,1995,..
Nauru,1997,..
Nauru,2000,..
Nauru,2005,0.1
Nauru,2010,0.1
Nauru,2011,0.1
Nauru,2012,0.1
Nauru,2013,5.3
Nauru,2014,5.3
Nauru,2015,5.3
Nauru,2016,5.3
Nauru,2017,10.5
Nauru,2018,10.5
Nepal,1995,4.5
Nepal,1997,4.5
Nepal,2000,7.9
Nepal,2005,6.4
Nepal,2010,33.2
Nepal,2011,33.2
Nepal,2012,33.2
Nepal,2013,..
Nepal,2014,29.5
Nepal,2015,29.5
Nepal,2016,29.6
Nepal,2017,29.6
Nepal,2018,33.5
Netherlands,1995,28.4
Netherlands,1997,28.4
Netherlands,2000,32.9
Netherlands,2005,34.2
Netherlands,2010,38.7
Netherlands,2011,39.1
Netherlands,2012,37.8
Netherlands,2013,37.8
Netherlands,2014,37.8
Netherlands,2015,36.4
Netherlands,2016,36.4
Netherlands,2017,35.6
Netherlands,2018,35.6
New Zealand,1995,29.2
New Zealand,1997,29.2
New Zealand,2000,30.8
New Zealand,2005,32.2
New Zealand,2010,33.6
New Zealand,2011,32.2
New Zealand,2012,32.2
New Zealand,2013,32.2
New Zealand,2014,29.8
New Zealand,2015,31.4
New Zealand,2016,31.4
New Zealand,2017,38.3
New Zealand,2018,38.3
Nicaragua,1995,10.8
Nicaragua,1997,10.8
Nicaragua,2000,9.7
Nicaragua,2005,20.7
Nicaragua,2010,20.7
Nicaragua,2011,40.2
Nicaragua,2012,40.2
Nicaragua,2013,40.2
Nicaragua,2014,42.4
Nicaragua,2015,41.3
Nicaragua,2016,45.7
Nicaragua,2017,45.7
Nicaragua,2018,45.7
Niger,1995,1.2
Niger,1997,1.2
Niger,2000,1.2
Niger,2005,12.4
Niger,2010,..
Niger,2011,13.3
Niger,2012,13.3
Niger,2013,13.3
Niger,2014,13.3
Niger,2015,13.3
Niger,2016,14.6
Niger,2017,17
Niger,2018,17
Nigeria,1995,..
Nigeria,1997,..
Nigeria,2000,3.3
Nigeria,2005,5.8
Nigeria,2010,7.3
Nigeria,2011,6.7
Nigeria,2012,6.6
Nigeria,2013,6.6
Nigeria,2014,6.6
Nigeria,2015,5.8
Nigeria,2016,5.8
Nigeria,2017,5.8
Nigeria,2018,5.8
North Macedonia,1995,3.3
North Macedonia,1997,3.3
North Macedonia,2000,6.7
North Macedonia,2005,19.2
North Macedonia,2010,32.5
North Macedonia,2011,30.9
North Macedonia,2012,32.5
North Macedonia,2013,34.1
North Macedonia,2014,33.3
North Macedonia,2015,33.3
North Macedonia,2016,33.3
North Macedonia,2017,37.5
North Macedonia,2018,38.3
Norway,1995,36.4
Norway,1997,36.4
Norway,2000,36.4
Norway,2005,37.9
Norway,2010,39.6
Norway,2011,39.6
Norway,2012,39.6
Norway,2013,39.6
Norway,2014,39.6
Norway,2015,39.6
Norway,2016,39.6
Norway,2017,41.4
Norway,2018,41.4
Oman,1995,..
Oman,1997,..
Oman,2000,..
Oman,2005,7.8
Oman,2010,9
Oman,2011,9.6
Oman,2012,9.6
Oman,2013,9.6
Oman,2014,9.6
Oman,2015,8.2
Oman,2016,8.8
Oman,2017,8.8
Oman,2018,8.8
Pakistan,1995,2.6
Pakistan,1997,2.6
Pakistan,2000,..
Pakistan,2005,20.6
Pakistan,2010,21
Pakistan,2011,21.3
Pakistan,2012,21.1
Pakistan,2013,19.7
Pakistan,2014,19.7
Pakistan,2015,20
Pakistan,2016,20
Pakistan,2017,20
Pakistan,2018,20
Palau,1995,3.3
Palau,1997,3.3
Palau,2000,3.3
Palau,2005,0.1
Palau,2010,6.9
Palau,2011,6.9
Palau,2012,10.3
Palau,2013,10.3
Palau,2014,10.3
Palau,2015,10.3
Palau,2016,13.8
Palau,2017,13.8
Palau,2018,13.8
Panama,1995,9.7
Panama,1997,9.7
Panama,2000,9.9
Panama,2005,16.7
Panama,2010,8.5
Panama,2011,8.5
Panama,2012,8.5
Panama,2013,8.5
Panama,2014,19.3
Panama,2015,18.3
Panama,2016,18.3
Panama,2017,18.3
Panama,2018,18.3
Papua New Guinea,1995,1.8
Papua New Guinea,1997,1.8
Papua New Guinea,2000,1.8
Papua New Guinea,2005,0.9
Papua New Guinea,2010,0.9
Papua New Guinea,2011,0.9
Papua New Guinea,2012,2.7
Papua New Guinea,2013,2.7
Papua New Guinea,2014,2.7
Papua New Guinea,2015,2.7
Papua New Guinea,2016,2.7
Papua New Guinea,2017,0.1
Papua New Guinea,2018,0.1
Paraguay,1995,5.6
Paraguay,1997,5.6
Paraguay,2000,8
Paraguay,2005,9.6
Paraguay,2010,13.6
Paraguay,2011,13.6
Paraguay,2012,13.6
Paraguay,2013,18.4
Paraguay,2014,16.8
Paraguay,2015,16.8
Paraguay,2016,16.8
Paraguay,2017,16
Paraguay,2018,16
Peru,1995,10.8
Peru,1997,10.8
Peru,2000,..
Peru,2005,18.3
Peru,2010,27.5
Peru,2011,21.5
Peru,2012,21.5
Peru,2013,21.5
Peru,2014,22.3
Peru,2015,22.3
Peru,2016,27.7
Peru,2017,27.7
Peru,2018,27.7
Philippines,1995,11.6
Philippines,1997,11.6
Philippines,2000,11.8
Philippines,2005,15.4
Philippines,2010,21.5
Philippines,2011,22.1
Philippines,2012,22.1
Philippines,2013,27.2
Philippines,2014,27.2
Philippines,2015,27.1
Philippines,2016,29.4
Philippines,2017,29.1
Philippines,2018,29.1
Poland,1995,12.7
Poland,1997,12.7
Poland,2000,12.7
Poland,2005,19.1
Poland,2010,17.9
Poland,2011,21.8
Poland,2012,21.8
Poland,2013,21.8
Poland,2014,22.3
Poland,2015,24.8
Poland,2016,24.8
Poland,2017,25.5
Poland,2018,25.5
Portugal,1995,13
Portugal,1997,13
Portugal,2000,17.4
Portugal,2005,21.3
Portugal,2010,27.4
Portugal,2011,28.7
Portugal,2012,28.7
Portugal,2013,31.3
Portugal,2014,31.3
Portugal,2015,34.8
Portugal,2016,34.8
Portugal,2017,34.8
Portugal,2018,34.8
Qatar,1995,..
Qatar,1997,..
Qatar,2000,..
Qatar,2005,..
Qatar,2010,0.1
Qatar,2011,0.1
Qatar,2012,0.1
Qatar,2013,0.1
Qatar,2014,0.1
Qatar,2015,0.1
Qatar,2016,0.1
Qatar,2017,9.8
Qatar,2018,9.8
Romania,1995,5.6
Romania,1997,5.6
Romania,2000,..
Romania,2005,10.7
Romania,2010,9.8
Romania,2011,9.7
Romania,2012,11.6
Romania,2013,11.6
Romania,2014,11.7
Romania,2015,12
Romania,2016,12
Romania,2017,18.7
Romania,2018,18.7
Russian Federation,1995,7.5
Russian Federation,1997,7.5
Russian Federation,2000,5.7
Russian Federation,2005,8
Russian Federation,2010,11.5
Russian Federation,2011,11.1
Russian Federation,2012,12.1
Russian Federation,2013,12.1
Russian Federation,2014,12.1
Russian Federation,2015,14.5
Russian Federation,2016,13.9
Russian Federation,2017,16.1
Russian Federation,2018,16.1
Rwanda,1995,17.1
Rwanda,1997,17.1
Rwanda,2000,25.7
Rwanda,2005,45.3
Rwanda,2010,50.9
Rwanda,2011,51.9
Rwanda,2012,51.9
Rwanda,2013,57.5
Rwanda,2014,57.5
Rwanda,2015,57.5
Rwanda,2016,57.5
Rwanda,2017,55.7
Rwanda,2018,55.7
Saint Kitts and Nevis,1995,13.3
Saint Kitts and Nevis,1997,13.3
Saint Kitts and Nevis,2000,13.3
Saint Kitts and Nevis,2005,0.1
Saint Kitts and Nevis,2010,6.7
Saint Kitts and Nevis,2011,6.7
Saint Kitts and Nevis,2012,6.7
Saint Kitts and Nevis,2013,6.7
Saint Kitts and Nevis,2014,6.7
Saint Kitts and Nevis,2015,13.3
Saint Kitts and Nevis,2016,13.3
Saint Kitts and Nevis,2017,13.3
Saint Kitts and Nevis,2018,13.3
Saint Lucia,1995,14.3
Saint Lucia,1997,14.3
Saint Lucia,2000,13.8
Saint Lucia,2005,20.7
Saint Lucia,2010,20.7
Saint Lucia,2011,24.1
Saint Lucia,2012,17.2
Saint Lucia,2013,17.2
Saint Lucia,2014,17.2
Saint Lucia,2015,20.7
Saint Lucia,2016,20.7
Saint Lucia,2017,20.7
Saint Lucia,2018,20.7
Saint Vincent and the Grenadines,1995,9.5
Saint Vincent and the Grenadines,1997,9.5
Saint Vincent and the Grenadines,2000,4.8
Saint Vincent and the Grenadines,2005,18.2
Saint Vincent and the Grenadines,2010,14.3
Saint Vincent and the Grenadines,2011,17.4
Saint Vincent and the Grenadines,2012,17.4
Saint Vincent and the Grenadines,2013,13
Saint Vincent and the Grenadines,2014,13
Saint Vincent and the Grenadines,2015,13
Saint Vincent and the Grenadines,2016,13
Saint Vincent and the Grenadines,2017,13
Saint Vincent and the Grenadines,2018,13
Samoa,1995,4.1
Samoa,1997,4.1
Samoa,2000,8.2
Samoa,2005,6.1
Samoa,2010,8.2
Samoa,2011,4.1
Samoa,2012,4.1
Samoa,2013,4.1
Samoa,2014,6.1
Samoa,2015,6.1
Samoa,2016,10
Samoa,2017,10
Samoa,2018,10
San Marino,1995,11.7
San Marino,1997,11.7
San Marino,2000,13.3
San Marino,2005,16.7
San Marino,2010,16.7
San Marino,2011,18.3
San Marino,2012,16.7
San Marino,2013,18.3
San Marino,2014,18.3
San Marino,2015,16.7
San Marino,2016,23.3
San Marino,2017,26.7
San Marino,2018,26.7
Sao Tome and Principe,1995,7.3
Sao Tome and Principe,1997,7.3
Sao Tome and Principe,2000,9.1
Sao Tome and Principe,2005,9.1
Sao Tome and Principe,2010,18.2
Sao Tome and Principe,2011,18.2
Sao Tome and Principe,2012,18.2
Sao Tome and Principe,2013,18.2
Sao Tome and Principe,2014,18.2
Sao Tome and Principe,2015,18.2
Sao Tome and Principe,2016,18.2
Sao Tome and Principe,2017,18.2
Sao Tome and Principe,2018,14.5
Saudi Arabia,1995,..
Saudi Arabia,1997,..
Saudi Arabia,2000,..
Saudi Arabia,2005,0.1
Saudi Arabia,2010,0.1
Saudi Arabia,2011,0.1
Saudi Arabia,2012,0.1
Saudi Arabia,2013,19.9
Saudi Arabia,2014,19.9
Saudi Arabia,2015,19.9
Saudi Arabia,2016,19.9
Saudi Arabia,2017,19.9
Saudi Arabia,2018,19.9
Senegal,1995,11.7
Senegal,1997,11.7
Senegal,2000,14
Senegal,2005,19.2
Senegal,2010,29.6
Senegal,2011,29.6
Senegal,2012,42.7
Senegal,2013,42.7
Senegal,2014,43.3
Senegal,2015,42.7
Senegal,2016,42.7
Senegal,2017,41.8
Senegal,2018,41.8
Serbia,1995,..
Serbia,1997,..
Serbia,2000,..
Serbia,2005,..
Serbia,2010,21.6
Serbia,2011,22
Serbia,2012,33.2
Serbia,2013,33.2
Serbia,2014,34
Serbia,2015,34
Serbia,2016,34
Serbia,2017,34.4
Serbia,2018,34.4
Seychelles,1995,27.3
Seychelles,1997,27.3
Seychelles,2000,23.5
Seychelles,2005,29.4
Seychelles,2010,23.5
Seychelles,2011,43.8
Seychelles,2012,43.8
Seychelles,2013,43.8
Seychelles,2014,43.8
Seychelles,2015,43.8
Seychelles,2016,21.2
Seychelles,2017,21.2
Seychelles,2018,21.2
Sierra Leone,1995,..
Sierra Leone,1997,..
Sierra Leone,2000,8.8
Sierra Leone,2005,14.5
Sierra Leone,2010,13.2
Sierra Leone,2011,12.9
Sierra Leone,2012,12.4
Sierra Leone,2013,12.4
Sierra Leone,2014,12.1
Sierra Leone,2015,12.4
Sierra Leone,2016,12.4
Sierra Leone,2017,12.4
Sierra Leone,2018,12.3
Singapore,1995,4.8
Singapore,1997,4.8
Singapore,2000,4.3
Singapore,2005,16
Singapore,2010,23.4
Singapore,2011,22.2
Singapore,2012,24.2
Singapore,2013,24.2
Singapore,2014,25.3
Singapore,2015,23.9
Singapore,2016,23.8
Singapore,2017,23
Singapore,2018,23
Slovakia,1995,14.7
Slovakia,1997,14.7
Slovakia,2000,14
Slovakia,2005,16.7
Slovakia,2010,15.3
Slovakia,2011,16
Slovakia,2012,18.7
Slovakia,2013,18.7
Slovakia,2014,18.7
Slovakia,2015,18.7
Slovakia,2016,20
Slovakia,2017,20
Slovakia,2018,20
Slovenia,1995,7.8
Slovenia,1997,7.8
Slovenia,2000,..
Slovenia,2005,10.8
Slovenia,2010,10.8
Slovenia,2011,23.1
Slovenia,2012,24.6
Slovenia,2013,24.6
Slovenia,2014,26.9
Slovenia,2015,27.7
Slovenia,2016,27.7
Slovenia,2017,28.7
Slovenia,2018,20
Solomon Islands,1995,..
Solomon Islands,1997,..
Solomon Islands,2000,2
Solomon Islands,2005,0.1
Solomon Islands,2010,0.1
Solomon Islands,2011,0.1
Solomon Islands,2012,2
Solomon Islands,2013,2
Solomon Islands,2014,2
Solomon Islands,2015,2
Solomon Islands,2016,2
Solomon Islands,2017,2
Solomon Islands,2018,2
Somalia,1995,..
Somalia,1997,..
Somalia,2000,..
Somalia,2005,8
Somalia,2010,6.8
Somalia,2011,6.8
Somalia,2012,13.8
Somalia,2013,13.8
Somalia,2014,13.8
Somalia,2015,13.8
Somalia,2016,..
Somalia,2017,24.3
Somalia,2018,24.3
South Africa,1995,23.7
South Africa,1997,23.7
South Africa,2000,30.1
South Africa,2005,32.8
South Africa,2010,42.7
South Africa,2011,41.1
South Africa,2012,41.1
South Africa,2013,41.1
South Africa,2014,40.7
South Africa,2015,41.2
South Africa,2016,41.2
South Africa,2017,41
South Africa,2018,41.8
South Sudan,1995,..
South Sudan,1997,..
South Sudan,2000,..
South Sudan,2005,..
South Sudan,2010,..
South Sudan,2011,24.3
South Sudan,2012,24.3
South Sudan,2013,24.3
South Sudan,2014,24.3
South Sudan,2015,24.3
South Sudan,2016,26.6
South Sudan,2017,26.6
South Sudan,2018,26.6
Spain,1995,19.9
Spain,1997,19.9
Spain,2000,25.9
Spain,2005,30.5
Spain,2010,34.1
Spain,2011,34.9
Spain,2012,35.2
Spain,2013,35.2
Spain,2014,37
Spain,2015,38
Spain,2016,38.6
Spain,2017,38.6
Spain,2018,38.6
Sri Lanka,1995,5.3
Sri Lanka,1997,5.3
Sri Lanka,2000,..
Sri Lanka,2005,4.9
Sri Lanka,2010,5.3
Sri Lanka,2011,5.8
Sri Lanka,2012,5.8
Sri Lanka,2013,5.8
Sri Lanka,2014,5.8
Sri Lanka,2015,4.9
Sri Lanka,2016,5.8
Sri Lanka,2017,5.8
Sri Lanka,2018,5.8
Sudan,1995,5.3
Sudan,1997,5.3
Sudan,2000,..
Sudan,2005,13.6
Sudan,2010,24.2
Sudan,2011,24.1
Sudan,2012,24.1
Sudan,2013,24.1
Sudan,2014,23.8
Sudan,2015,31
Sudan,2016,31
Sudan,2017,31
Sudan,2018,31
Suriname,1995,15.7
Suriname,1997,15.7
Suriname,2000,..
Suriname,2005,25.5
Suriname,2010,9.8
Suriname,2011,11.8
Suriname,2012,11.8
Suriname,2013,11.8
Suriname,2014,11.8
Suriname,2015,25.5
Suriname,2016,25.5
Suriname,2017,25.5
Suriname,2018,25.5
Sweden,1995,40.4
Sweden,1997,40.4
Sweden,2000,42.7
Sweden,2005,45.3
Sweden,2010,45
Sweden,2011,44.7
Sweden,2012,44.7
Sweden,2013,45
Sweden,2014,44.7
Sweden,2015,43.6
Sweden,2016,43.6
Sweden,2017,43.6
Sweden,2018,46.1
Switzerland,1995,20.3
Switzerland,1997,20.3
Switzerland,2000,22.4
Switzerland,2005,24.8
Switzerland,2010,27.6
Switzerland,2011,26.8
Switzerland,2012,27.2
Switzerland,2013,28.9
Switzerland,2014,28.9
Switzerland,2015,28.9
Switzerland,2016,28.9
Switzerland,2017,29.3
Switzerland,2018,29.3
Syrian Arab Republic,1995,9.6
Syrian Arab Republic,1997,9.6
Syrian Arab Republic,2000,10.4
Syrian Arab Republic,2005,12
Syrian Arab Republic,2010,12.4
Syrian Arab Republic,2011,12.4
Syrian Arab Republic,2012,12
Syrian Arab Republic,2013,12
Syrian Arab Republic,2014,12
Syrian Arab Republic,2015,12.4
Syrian Arab Republic,2016,13.2
Syrian Arab Republic,2017,13.2
Syrian Arab Republic,2018,13.2
Tajikistan,1995,2.8
Tajikistan,1997,2.8
Tajikistan,2000,14
Tajikistan,2005,19.6
Tajikistan,2010,17.5
Tajikistan,2011,17.5
Tajikistan,2012,17.5
Tajikistan,2013,17.5
Tajikistan,2014,15.2
Tajikistan,2015,14.7
Tajikistan,2016,20
Tajikistan,2017,20
Tajikistan,2018,20
Tanzania (United Republic of),1995,17.5
Tanzania (United Republic of),1997,17.5
Tanzania (United Republic of),2000,..
Tanzania (United Republic of),2005,30.4
Tanzania (United Republic of),2010,..
Tanzania (United Republic of),2011,36
Tanzania (United Republic of),2012,36
Tanzania (United Republic of),2013,36
Tanzania (United Republic of),2014,36
Tanzania (United Republic of),2015,36
Tanzania (United Republic of),2016,36.6
Tanzania (United Republic of),2017,37.2
Tanzania (United Republic of),2018,37.2
Thailand,1995,6.6
Thailand,1997,6.6
Thailand,2000,6.8
Thailand,2005,10.6
Thailand,2010,14
Thailand,2011,15.7
Thailand,2012,15.7
Thailand,2013,15.7
Thailand,2014,6.1
Thailand,2015,6.1
Thailand,2016,6.1
Thailand,2017,4.8
Thailand,2018,5.3
Timor-Leste,1995,..
Timor-Leste,1997,..
Timor-Leste,2000,..
Timor-Leste,2005,25.3
Timor-Leste,2010,29.2
Timor-Leste,2011,32.3
Timor-Leste,2012,38.5
Timor-Leste,2013,38.5
Timor-Leste,2014,38.5
Timor-Leste,2015,38.5
Timor-Leste,2016,38.5
Timor-Leste,2017,32.3
Timor-Leste,2018,33.8
Togo,1995,1.2
Togo,1997,1.2
Togo,2000,4.9
Togo,2005,7.4
Togo,2010,11.1
Togo,2011,11.1
Togo,2012,11.1
Togo,2013,15.4
Togo,2014,17.6
Togo,2015,17.6
Togo,2016,17.6
Togo,2017,17.6
Togo,2018,17.6
Tonga,1995,0.1
Tonga,1997,0.1
Tonga,2000,0.1
Tonga,2005,3.4
Tonga,2010,0.1
Tonga,2011,3.6
Tonga,2012,3.6
Tonga,2013,3.6
Tonga,2014,0.1
Tonga,2015,0.1
Tonga,2016,0.1
Tonga,2017,7.7
Tonga,2018,7.4
Trinidad and Tobago,1995,19.4
Trinidad and Tobago,1997,19.4
Trinidad and Tobago,2000,..
Trinidad and Tobago,2005,25.4
Trinidad and Tobago,2010,27.4
Trinidad and Tobago,2011,27.4
Trinidad and Tobago,2012,26
Trinidad and Tobago,2013,26
Trinidad and Tobago,2014,24.7
Trinidad and Tobago,2015,31.5
Trinidad and Tobago,2016,31.5
Trinidad and Tobago,2017,30.1
Trinidad and Tobago,2018,30.1
Tunisia,1995,6.7
Tunisia,1997,6.7
Tunisia,2000,11.5
Tunisia,2005,19.3
Tunisia,2010,23.3
Tunisia,2011,26.7
Tunisia,2012,26.7
Tunisia,2013,26.7
Tunisia,2014,31.3
Tunisia,2015,31.3
Tunisia,2016,31.3
Tunisia,2017,31.3
Tunisia,2018,31.3
Turkey,1995,2.4
Turkey,1997,2.4
Turkey,2000,4.2
Turkey,2005,4.4
Turkey,2010,9.1
Turkey,2011,14.2
Turkey,2012,14.2
Turkey,2013,14.4
Turkey,2014,14.4
Turkey,2015,14.9
Turkey,2016,14.9
Turkey,2017,14.6
Turkey,2018,17.4
Turkmenistan,1995,18
Turkmenistan,1997,18
Turkmenistan,2000,26
Turkmenistan,2005,16
Turkmenistan,2010,16.8
Turkmenistan,2011,16.8
Turkmenistan,2012,16.8
Turkmenistan,2013,16.8
Turkmenistan,2014,26.4
Turkmenistan,2015,25.8
Turkmenistan,2016,25.8
Turkmenistan,2017,25.8
Turkmenistan,2018,24.8
Tuvalu,1995,8.3
Tuvalu,1997,8.3
Tuvalu,2000,0.1
Tuvalu,2005,0.1
Tuvalu,2010,0.1
Tuvalu,2011,6.7
Tuvalu,2012,6.7
Tuvalu,2013,6.7
Tuvalu,2014,6.7
Tuvalu,2015,6.7
Tuvalu,2016,6.7
Tuvalu,2017,6.7
Tuvalu,2018,6.7
Uganda,1995,18.1
Uganda,1997,18.1
Uganda,2000,17.8
Uganda,2005,23.9
Uganda,2010,31.3
Uganda,2011,35
Uganda,2012,35
Uganda,2013,35
Uganda,2014,35
Uganda,2015,35
Uganda,2016,33.5
Uganda,2017,34.3
Uganda,2018,34.3
Ukraine,1995,3.8
Ukraine,1997,3.8
Ukraine,2000,7.8
Ukraine,2005,5.3
Ukraine,2010,8
Ukraine,2011,8
Ukraine,2012,9.4
Ukraine,2013,9.4
Ukraine,2014,11.7
Ukraine,2015,12.1
Ukraine,2016,12
Ukraine,2017,12.3
Ukraine,2018,12.3
United Arab Emirates,1995,0.1
United Arab Emirates,1997,0.1
United Arab Emirates,2000,0.1
United Arab Emirates,2005,0.1
United Arab Emirates,2010,22.5
United Arab Emirates,2011,17.5
United Arab Emirates,2012,17.5
United Arab Emirates,2013,17.5
United Arab Emirates,2014,17.5
United Arab Emirates,2015,22.5
United Arab Emirates,2016,22.5
United Arab Emirates,2017,22.5
United Arab Emirates,2018,22.5
United Kingdom,1995,11.6
United Kingdom,1997,11.6
United Kingdom,2000,17
United Kingdom,2005,18.5
United Kingdom,2010,21
United Kingdom,2011,22.1
United Kingdom,2012,22.6
United Kingdom,2013,22.6
United Kingdom,2014,23
United Kingdom,2015,26.7
United Kingdom,2016,27.3
United Kingdom,2017,28.5
United Kingdom,2018,28.9
United States,1995,11.2
United States,1997,11.2
United States,2000,..
United States,2005,15
United States,2010,16.8
United States,2011,16.9
United States,2012,18.4
United States,2013,18.2
United States,2014,19.4
United States,2015,19.5
United States,2016,19.5
United States,2017,19.7
United States,2018,23.6
Uruguay,1995,6.9
Uruguay,1997,6.9
Uruguay,2000,11.5
Uruguay,2005,10.8
Uruguay,2010,14.6
Uruguay,2011,12.3
Uruguay,2012,12.3
Uruguay,2013,12.3
Uruguay,2014,11.5
Uruguay,2015,19.2
Uruguay,2016,19.2
Uruguay,2017,22.3
Uruguay,2018,22.3
Uzbekistan,1995,6
Uzbekistan,1997,6
Uzbekistan,2000,7.2
Uzbekistan,2005,16.4
Uzbekistan,2010,19.2
Uzbekistan,2011,19.2
Uzbekistan,2012,19.2
Uzbekistan,2013,19.2
Uzbekistan,2014,19.2
Uzbekistan,2015,16.4
Uzbekistan,2016,16.4
Uzbekistan,2017,16.4
Uzbekistan,2018,16.4
Vanuatu,1995,..
Vanuatu,1997,..
Vanuatu,2000,0.1
Vanuatu,2005,3.8
Vanuatu,2010,3.8
Vanuatu,2011,1.9
Vanuatu,2012,0.1
Vanuatu,2013,0.1
Vanuatu,2014,0.1
Vanuatu,2015,0.1
Vanuatu,2016,0.1
Vanuatu,2017,0.1
Vanuatu,2018,0.1
Venezuela (Bolivarian Republic of),1995,6.3
Venezuela (Bolivarian Republic of),1997,6.3
Venezuela (Bolivarian Republic of),2000,..
Venezuela (Bolivarian Republic of),2005,17.4
Venezuela (Bolivarian Republic of),2010,17
Venezuela (Bolivarian Republic of),2011,17
Venezuela (Bolivarian Republic of),2012,17
Venezuela (Bolivarian Republic of),2013,17
Venezuela (Bolivarian Republic of),2014,17
Venezuela (Bolivarian Republic of),2015,17
Venezuela (Bolivarian Republic of),2016,14.4
Venezuela (Bolivarian Republic of),2017,22.2
Venezuela (Bolivarian Republic of),2018,22.2
Viet Nam,1995,26.2
Viet Nam,1997,26.2
Viet Nam,2000,26
Viet Nam,2005,27.3
Viet Nam,2010,25.8
Viet Nam,2011,24.4
Viet Nam,2012,24.4
Viet Nam,2013,24.4
Viet Nam,2014,24.3
Viet Nam,2015,24.3
Viet Nam,2016,26.7
Viet Nam,2017,26.7
Viet Nam,2018,26.7
Yemen,1995,..
Yemen,1997,..
Yemen,2000,0.7
Yemen,2005,0.7
Yemen,2010,0.7
Yemen,2011,0.7
Yemen,2012,0.7
Yemen,2013,0.7
Yemen,2014,0.7
Yemen,2015,0.5
Yemen,2016,0.5
Yemen,2017,0.5
Yemen,2018,0.5
Zambia,1995,9.7
Zambia,1997,9.7
Zambia,2000,10.1
Zambia,2005,12.7
Zambia,2010,14
Zambia,2011,11.5
Zambia,2012,11.5
Zambia,2013,11.5
Zambia,2014,10.8
Zambia,2015,12.7
Zambia,2016,18
Zambia,2017,18
Zambia,2018,18
Zimbabwe,1995,14.7
Zimbabwe,1997,14.7
Zimbabwe,2000,9.3
Zimbabwe,2005,20.8
Zimbabwe,2010,17.9
Zimbabwe,2011,17.9
Zimbabwe,2012,17.9
Zimbabwe,2013,35.1
Zimbabwe,2014,35.1
Zimbabwe,2015,35.1
Zimbabwe,2016,35.1
Zimbabwe,2017,36.2
Zimbabwe,2018,34.3
"Hong Kong, China (SAR)",1995,..
"Hong Kong, China (SAR)",1997,..
"Hong Kong, China (SAR)",2000,..
"Hong Kong, China (SAR)",2005,..
"Hong Kong, China (SAR)",2010,..
"Hong Kong, China (SAR)",2011,..
"Hong Kong, China (SAR)",2012,..
"Hong Kong, China (SAR)",2013,..
"Hong Kong, China (SAR)",2014,..
"Hong Kong, China (SAR)",2015,..
"Hong Kong, China (SAR)",2016,..
"Hong Kong, China (SAR)",2017,..
"Hong Kong, China (SAR)",2018,..
"Palestine, State of",1995,..
"Palestine, State of",1997,..
"Palestine, State of",2000,..
"Palestine, State of",2005,..
"Palestine, State of",2010,..
"Palestine, State of",2011,..
"Palestine, State of",2012,..
"Palestine, State of",2013,..
"Palestine, State of",2014,..
"Palestine, State of",2015,..
"Palestine, State of",2016,..
"Palestine, State of",2017,..
"Palestine, State of",2018,..
Human Development,1995, 
Human Development,1997,..
Human Development,2000,..
Human Development,2005,..
Human Development,2010,..
Human Development,2011,..
Human Development,2012,..
Human Development,2013,..
Human Development,2014,..
Human Development,2015,..
Human Development,2016,..
Human Development,2017,..
Human Development,2018,..
Very high human development,1995,..
Very high human development,1997,..
Very high human development,2000,..
Very high human development,2005,..
Very high human development,2010,..
Very high human development,2011,..
Very high human development,2012,..
Very high human development,2013,..
Very high human development,2014,..
Very high human development,2015,..
Very high human development,2016,..
Very high human development,2017,..
Very high human development,2018,..
High human development,1995,..
High human development,1997,..
High human development,2000,..
High human development,2005,..
High human development,2010,..
High human development,2011,..
High human development,2012,..
High human development,2013,..
High human development,2014,..
High human development,2015,..
High human development,2016,..
High human development,2017,..
High human development,2018,..
Medium human development,1995,..
Medium human development,1997,..
Medium human development,2000,..
Medium human development,2005,..
Medium human development,2010,..
Medium human development,2011,..
Medium human development,2012,..
Medium human development,2013,..
Medium human development,2014,..
Medium human development,2015,..
Medium human development,2016,..
Medium human development,2017,..
Medium human development,2018,..
Low human development,1995,..
Low human development,1997,..
Low human development,2000,..
Low human development,2005,..
Low human development,2010,..
Low human development,2011,..
Low human development,2012,..
Low human development,2013,..
Low human development,2014,..
Low human development,2015,..
Low human development,2016,..
Low human development,2017,..
Low human development,2018,..
Developing Countries,1995,..
Developing Countries,1997,..
Developing Countries,2000,..
Developing Countries,2005,..
Developing Countries,2010,..
Developing Countries,2011,..
Developing Countries,2012,..
Developing Countries,2013,..
Developing Countries,2014,..
Developing Countries,2015,..
Developing Countries,2016,..
Developing Countries,2017,..
Developing Countries,2018,..
Regions,1995, 
Regions,1997,..
Regions,2000,..
Regions,2005,..
Regions,2010,..
Regions,2011,..
Regions,2012,..
Regions,2013,..
Regions,2014,..
Regions,2015,..
Regions,2016,..
Regions,2017,..
Regions,2018,..
Arab States,1995,..
Arab States,1997,..
Arab States,2000,..
Arab States,2005,..
Arab States,2010,..
Arab States,2011,..
Arab States,2012,..
Arab States,2013,..
Arab States,2014,..
Arab States,2015,..
Arab States,2016,..
Arab States,2017,..
Arab States,2018,..
East Asia and the Pacific,1995,..
East Asia and the Pacific,1997,..
East Asia and the Pacific,2000,..
East Asia and the Pacific,2005,..
East Asia and the Pacific,2010,..
East Asia and the Pacific,2011,..
East Asia and the Pacific,2012,..
East Asia and the Pacific,2013,..
East Asia and the Pacific,2014,..
East Asia and the Pacific,2015,..
East Asia and the Pacific,2016,..
East Asia and the Pacific,2017,..
East Asia and the Pacific,2018,..
Europe and Central Asia,1995,..
Europe and Central Asia,1997,..
Europe and Central Asia,2000,..
Europe and Central Asia,2005,..
Europe and Central Asia,2010,..
Europe and Central Asia,2011,..
Europe and Central Asia,2012,..
Europe and Central Asia,2013,..
Europe and Central Asia,2014,..
Europe and Central Asia,2015,..
Europe and Central Asia,2016,..
Europe and Central Asia,2017,..
Europe and Central Asia,2018,..
Latin America and the Caribbean,1995,..
Latin America and the Caribbean,1997,..
Latin America and the Caribbean,2000,..
Latin America and the Caribbean,2005,..
Latin America and the Caribbean,2010,..
Latin America and the Caribbean,2011,..
Latin America and the Caribbean,2012,..
Latin America and the Caribbean,2013,..
Latin America and the Caribbean,2014,..
Latin America and the Caribbean,2015,..
Latin America and the Caribbean,2016,..
Latin America and the Caribbean,2017,..
Latin America and the Caribbean,2018,..
South Asia,1995,..
South Asia,1997,..
South Asia,2000,..
South Asia,2005,..
South Asia,2010,..
South Asia,2011,..
South Asia,2012,..
South Asia,2013,..
South Asia,2014,..
South Asia,2015,..
South Asia,2016,..
South Asia,2017,..
South Asia,2018,..
Sub-Saharan Africa,1995,..
Sub-Saharan Africa,1997,..
Sub-Saharan Africa,2000,..
Sub-Saharan Africa,2005,..
Sub-Saharan Africa,2010,..
Sub-Saharan Africa,2011,..
Sub-Saharan Africa,2012,..
Sub-Saharan Africa,2013,..
Sub-Saharan Africa,2014,..
Sub-Saharan Africa,2015,..
Sub-Saharan Africa,2016,..
Sub-Saharan Africa,2017,..
Sub-Saharan Africa,2018,..
Least Developed Countries,1995,..
Least Developed Countries,1997,..
Least Developed Countries,2000,..
Least Developed Countries,2005,..
Least Developed Countries,2010,..
Least Developed Countries,2011,..
Least Developed Countries,2012,..
Least Developed Countries,2013,..
Least Developed Countries,2014,..
Least Developed Countries,2015,..
Least Developed Countries,2016,..
Least Developed Countries,2017,..
Least Developed Countries,2018,..
Small Island Developing States,1995,..
Small Island Developing States,1997,..
Small Island Developing States,2000,..
Small Island Developing States,2005,..
Small Island Developing States,2010,..
Small Island Developing States,2011,..
Small Island Developing States,2012,..
Small Island Developing States,2013,..
Small Island Developing States,2014,..
Small Island Developing States,2015,..
Small Island Developing States,2016,..
Small Island Developing States,2017,..
Small Island Developing States,2018,..
Organization for Economic Co-operation and Development,1995,..
Organization for Economic Co-operation and Development,1997,..
Organization for Economic Co-operation and Development,2000,..
Organization for Economic Co-operation and Development,2005,..
Organization for Economic Co-operation and Development,2010,..
Organization for Economic Co-operation and Development,2011,..
Organization for Economic Co-operation and Development,2012,..
Organization for Economic Co-operation and Development,2013,..
Organization for Economic Co-operation and Development,2014,..
Organization for Economic Co-operation and Development,2015,..
Organization for Economic Co-operation and Development,2016,..
Organization for Economic Co-operation and Development,2017,..
Organization for Economic Co-operation and Development,2018,..
World,1995,..
World,1997,..
World,2000,..
World,2005,..
World,2010,..
World,2011,..
World,2012,..
World,2013,..
World,2014,..
World,2015,..
World,2016,..
World,2017,..
World,2018,..
