Country,,0
Afghanistan,1990,2.3
Afghanistan,1995,3.5
Afghanistan,2000,4.5
Afghanistan,2005,6.3
Afghanistan,2010,5.9
Afghanistan,2011,6.6
Afghanistan,2012,7.3
Afghanistan,2013,8
Afghanistan,2014,8.8
Afghanistan,2015,8.8
Afghanistan,2016,9.5
Afghanistan,2017,11.4
Afghanistan,2018,13.2
Albania,1990,59.5
Albania,1995,60.6
Albania,2000,71
Albania,2005,75.4
Albania,2010,80.8
Albania,2011,81.8
Albania,2012,85.2
Albania,2013,87.7
Albania,2014,90.2
Albania,2015,92.7
Albania,2016,93.1
Albania,2017,93.1
Albania,2018,93.5
Algeria,1990,10.4
Algeria,1995,14.5
Algeria,2000,18.6
Algeria,2005,20.9
Algeria,2010,26.7
Algeria,2011,28.5
Algeria,2012,30.4
Algeria,2013,32.3
Algeria,2014,34.1
Algeria,2015,34.1
Algeria,2016,36
Algeria,2017,37.5
Algeria,2018,39.1
Andorra,1990,..
Andorra,1995,..
Andorra,2000,25.5
Andorra,2005,43.4
Andorra,2010,60.8
Andorra,2011,63.6
Andorra,2012,66.4
Andorra,2013,69.2
Andorra,2014,72
Andorra,2015,72
Andorra,2016,71.7
Andorra,2017,71.5
Andorra,2018,71.5
Angola,1990,..
Angola,1995,..
Angola,2000,..
Angola,2005,..
Angola,2010,..
Angola,2011,..
Angola,2012,..
Angola,2013,..
Angola,2014,22.2
Angola,2015,22.4
Angola,2016,23
Angola,2017,23.1
Angola,2018,23.1
Argentina,1990,36.3
Argentina,1995,41.2
Argentina,2000,46.1
Argentina,2005,56.1
Argentina,2010,56.3
Argentina,2011,58.1
Argentina,2012,59.9
Argentina,2013,61.7
Argentina,2014,63.5
Argentina,2015,63.5
Argentina,2016,65.3
Argentina,2017,65.9
Argentina,2018,66.5
Armenia,1990,85
Armenia,1995,87.3
Armenia,2000,90
Armenia,2005,92.4
Armenia,2010,95.5
Armenia,2011,96.1
Armenia,2012,96.9
Armenia,2013,97.7
Armenia,2014,98.5
Armenia,2015,98.5
Armenia,2016,96.9
Armenia,2017,96.9
Armenia,2018,96.9
Australia,1990,89.8
Australia,1995,87.9
Australia,2000,87.8
Australia,2005,90.3
Australia,2010,93.4
Australia,2011,93.7
Australia,2012,94.3
Australia,2013,91.1
Australia,2014,91.4
Australia,2015,91.4
Australia,2016,90
Australia,2017,90
Australia,2018,90
Austria,1990,49
Austria,1995,53.9
Austria,2000,77
Austria,2005,100
Austria,2010,100
Austria,2011,100
Austria,2012,100
Austria,2013,100
Austria,2014,98.7
Austria,2015,98.7
Austria,2016,98.7
Austria,2017,100
Austria,2018,100
Azerbaijan,1990,..
Azerbaijan,1995,..
Azerbaijan,2000,90
Azerbaijan,2005,90
Azerbaijan,2010,93.8
Azerbaijan,2011,93.8
Azerbaijan,2012,93.8
Azerbaijan,2013,93.8
Azerbaijan,2014,93.8
Azerbaijan,2015,93.8
Azerbaijan,2016,93.8
Azerbaijan,2017,93.8
Azerbaijan,2018,93.9
Bahamas,1990,..
Bahamas,1995,..
Bahamas,2000,91.2
Bahamas,2005,89.8
Bahamas,2010,88.5
Bahamas,2011,88.2
Bahamas,2012,87.9
Bahamas,2013,87.6
Bahamas,2014,87.4
Bahamas,2015,87.4
Bahamas,2016,87.4
Bahamas,2017,88
Bahamas,2018,88
Bahrain,1990,45.5
Bahrain,1995,51.8
Bahrain,2000,56.6
Bahrain,2005,56.5
Bahrain,2010,56.7
Bahrain,2011,57.9
Bahrain,2012,59.1
Bahrain,2013,60.4
Bahrain,2014,61.6
Bahrain,2015,61.6
Bahrain,2016,63.3
Bahrain,2017,63.7
Bahrain,2018,64.2
Bangladesh,1990,12.3
Bangladesh,1995,16.7
Bangladesh,2000,22
Bangladesh,2005,25.6
Bangladesh,2010,34.1
Bangladesh,2011,36
Bangladesh,2012,38
Bangladesh,2013,40
Bangladesh,2014,42
Bangladesh,2015,42
Bangladesh,2016,42
Bangladesh,2017,44
Bangladesh,2018,45.3
Barbados,1990,64.6
Barbados,1995,76.3
Barbados,2000,78.6
Barbados,2005,87.5
Barbados,2010,89.5
Barbados,2011,90.4
Barbados,2012,91.3
Barbados,2013,92.1
Barbados,2014,93
Barbados,2015,93
Barbados,2016,93.9
Barbados,2017,94.2
Barbados,2018,94.6
Belarus,1990,..
Belarus,1995,..
Belarus,2000,..
Belarus,2005,..
Belarus,2010,87
Belarus,2011,87
Belarus,2012,87
Belarus,2013,87
Belarus,2014,87
Belarus,2015,87
Belarus,2016,87
Belarus,2017,87
Belarus,2018,87.2
Belgium,1990,60.9
Belgium,1995,67.5
Belgium,2000,74.5
Belgium,2005,74.1
Belgium,2010,77.1
Belgium,2011,77.5
Belgium,2012,77.7
Belgium,2013,79.4
Belgium,2014,80.1
Belgium,2015,80.1
Belgium,2016,82.2
Belgium,2017,82.2
Belgium,2018,82.6
Belize,1990,21.1
Belize,1995,35.3
Belize,2000,49.5
Belize,2005,65.1
Belize,2010,76.4
Belize,2011,76.8
Belize,2012,77.1
Belize,2013,77.5
Belize,2014,77.9
Belize,2015,78.3
Belize,2016,78.6
Belize,2017,78.9
Belize,2018,78.9
Benin,1990,4.5
Benin,1995,6.7
Benin,2000,8.4
Benin,2005,9.5
Benin,2010,11.3
Benin,2011,12.4
Benin,2012,13.5
Benin,2013,14.6
Benin,2014,15.8
Benin,2015,15.8
Benin,2016,16.9
Benin,2017,18.2
Benin,2018,18.2
Bhutan,1990,..
Bhutan,1995,..
Bhutan,2000,..
Bhutan,2005,..
Bhutan,2010,..
Bhutan,2011,..
Bhutan,2012,5.8
Bhutan,2013,5.8
Bhutan,2014,5.8
Bhutan,2015,7
Bhutan,2016,7.3
Bhutan,2017,7.6
Bhutan,2018,7.6
Bolivia (Plurinational State of),1990,37
Bolivia (Plurinational State of),1995,39.3
Bolivia (Plurinational State of),2000,38.2
Bolivia (Plurinational State of),2005,37.5
Bolivia (Plurinational State of),2010,42.9
Bolivia (Plurinational State of),2011,44.2
Bolivia (Plurinational State of),2012,45.5
Bolivia (Plurinational State of),2013,47.6
Bolivia (Plurinational State of),2014,49.6
Bolivia (Plurinational State of),2015,49.6
Bolivia (Plurinational State of),2016,49.7
Bolivia (Plurinational State of),2017,50.5
Bolivia (Plurinational State of),2018,52.8
Bosnia and Herzegovina,1990,..
Bosnia and Herzegovina,1995,..
Bosnia and Herzegovina,2000,..
Bosnia and Herzegovina,2005,..
Bosnia and Herzegovina,2010,44.8
Bosnia and Herzegovina,2011,44.9
Bosnia and Herzegovina,2012,53.1
Bosnia and Herzegovina,2013,61.3
Bosnia and Herzegovina,2014,69.5
Bosnia and Herzegovina,2015,69.5
Bosnia and Herzegovina,2016,71.7
Bosnia and Herzegovina,2017,71.7
Bosnia and Herzegovina,2018,73.1
Botswana,1990,41
Botswana,1995,52.8
Botswana,2000,60.9
Botswana,2005,67.9
Botswana,2010,73.6
Botswana,2011,76.5
Botswana,2012,79.4
Botswana,2013,82.2
Botswana,2014,85.1
Botswana,2015,85.1
Botswana,2016,88
Botswana,2017,88.8
Botswana,2018,89.6
Brazil,1990,20.6
Brazil,1995,26.5
Brazil,2000,33.7
Brazil,2005,44.6
Brazil,2010,51.9
Brazil,2011,54.6
Brazil,2012,55.8
Brazil,2013,57.2
Brazil,2014,57.7
Brazil,2015,59.6
Brazil,2016,60.3
Brazil,2017,61
Brazil,2018,61
Brunei Darussalam,1990,51
Brunei Darussalam,1995,59.4
Brunei Darussalam,2000,61.6
Brunei Darussalam,2005,60.7
Brunei Darussalam,2010,63.9
Brunei Darussalam,2011,64.8
Brunei Darussalam,2012,65.8
Brunei Darussalam,2013,66.7
Brunei Darussalam,2014,67.7
Brunei Darussalam,2015,67.7
Brunei Darussalam,2016,68.6
Brunei Darussalam,2017,69.1
Brunei Darussalam,2018,69.5
Bulgaria,1990,49.1
Bulgaria,1995,65.3
Bulgaria,2000,81.5
Bulgaria,2005,88.2
Bulgaria,2010,91.7
Bulgaria,2011,92.4
Bulgaria,2012,93
Bulgaria,2013,93
Bulgaria,2014,93.1
Bulgaria,2015,93.1
Bulgaria,2016,93.7
Bulgaria,2017,93.7
Bulgaria,2018,94.2
Burkina Faso,1990,..
Burkina Faso,1995,..
Burkina Faso,2000,..
Burkina Faso,2005,5
Burkina Faso,2010,5.5
Burkina Faso,2011,5.6
Burkina Faso,2012,5.8
Burkina Faso,2013,5.9
Burkina Faso,2014,6
Burkina Faso,2015,6
Burkina Faso,2016,6
Burkina Faso,2017,6
Burkina Faso,2018,6
Burundi,1990,1.8
Burundi,1995,2.4
Burundi,2000,3.1
Burundi,2005,4
Burundi,2010,5.3
Burundi,2011,5.7
Burundi,2012,6.2
Burundi,2013,6.6
Burundi,2014,7.1
Burundi,2015,7.1
Burundi,2016,7.1
Burundi,2017,7.5
Burundi,2018,7.5
Cabo Verde,1990,..
Cabo Verde,1995,..
Cabo Verde,2000,..
Cabo Verde,2005,..
Cabo Verde,2010,..
Cabo Verde,2011,..
Cabo Verde,2012,..
Cabo Verde,2013,..
Cabo Verde,2014,..
Cabo Verde,2015,28.2
Cabo Verde,2016,28.4
Cabo Verde,2017,28.7
Cabo Verde,2018,28.7
Cambodia,1990,4.6
Cambodia,1995,5.3
Cambodia,2000,6.1
Cambodia,2005,8.2
Cambodia,2010,9.9
Cambodia,2011,10.7
Cambodia,2012,11.5
Cambodia,2013,12.3
Cambodia,2014,13.2
Cambodia,2015,13.2
Cambodia,2016,14
Cambodia,2017,15.1
Cambodia,2018,15.1
Cameroon,1990,8.7
Cameroon,1995,12
Cameroon,2000,15.6
Cameroon,2005,21
Cameroon,2010,26.4
Cameroon,2011,27.7
Cameroon,2012,29
Cameroon,2013,30.3
Cameroon,2014,31.7
Cameroon,2015,31.7
Cameroon,2016,32.5
Cameroon,2017,32.5
Cameroon,2018,32.7
Canada,1990,83.3
Canada,1995,85.7
Canada,2000,88.2
Canada,2005,99.8
Canada,2010,100
Canada,2011,100
Canada,2012,100
Canada,2013,100
Canada,2014,100
Canada,2015,100
Canada,2016,100
Canada,2017,100
Canada,2018,100
Central African Republic,1990,4
Central African Republic,1995,5.8
Central African Republic,2000,7.4
Central African Republic,2005,8.8
Central African Republic,2010,10.1
Central African Republic,2011,10.7
Central African Republic,2012,11.2
Central African Republic,2013,11.8
Central African Republic,2014,12.3
Central African Republic,2015,12.3
Central African Republic,2016,12.9
Central African Republic,2017,13.2
Central African Republic,2018,13.4
Chad,1990,..
Chad,1995,..
Chad,2000,..
Chad,2005,..
Chad,2010,..
Chad,2011,..
Chad,2012,..
Chad,2013,..
Chad,2014,..
Chad,2015,1.7
Chad,2016,1.7
Chad,2017,1.7
Chad,2018,1.7
Chile,1990,49
Chile,1995,53.8
Chile,2000,65.6
Chile,2005,75.4
Chile,2010,73.3
Chile,2011,70.7
Chile,2012,72.2
Chile,2013,74.3
Chile,2014,76.1
Chile,2015,78.5
Chile,2016,79
Chile,2017,79
Chile,2018,79
China,1990,28.5
China,1995,35.5
China,2000,43.4
China,2005,51
China,2010,58.7
China,2011,61.4
China,2012,64.2
China,2013,67
China,2014,69.8
China,2015,69.8
China,2016,72.6
China,2017,74
China,2018,75.4
Colombia,1990,31
Colombia,1995,37
Colombia,2000,38
Colombia,2005,40.9
Colombia,2010,45
Colombia,2011,56.9
Colombia,2012,57.8
Colombia,2013,58
Colombia,2014,50.3
Colombia,2015,50.3
Colombia,2016,51.1
Colombia,2017,51.1
Colombia,2018,53.1
Congo,1990,22
Congo,1995,31.1
Congo,2000,39.6
Congo,2005,40.1
Congo,2010,39.7
Congo,2011,41
Congo,2012,42.3
Congo,2013,43.7
Congo,2014,45
Congo,2015,45
Congo,2016,46.3
Congo,2017,46.7
Congo,2018,46.7
Congo (Democratic Republic of the),1990,5.2
Congo (Democratic Republic of the),1995,10
Congo (Democratic Republic of the),2000,11
Congo (Democratic Republic of the),2005,11.9
Congo (Democratic Republic of the),2010,12.8
Congo (Democratic Republic of the),2011,13.2
Congo (Democratic Republic of the),2012,13.6
Congo (Democratic Republic of the),2013,27.5
Congo (Democratic Republic of the),2014,30.6
Congo (Democratic Republic of the),2015,33.6
Congo (Democratic Republic of the),2016,36.7
Congo (Democratic Republic of the),2017,36.7
Congo (Democratic Republic of the),2018,36.7
Costa Rica,1990,33.2
Costa Rica,1995,37.9
Costa Rica,2000,42
Costa Rica,2005,47.9
Costa Rica,2010,49.1
Costa Rica,2011,50.1
Costa Rica,2012,50.7
Costa Rica,2013,52.6
Costa Rica,2014,54.5
Costa Rica,2015,54.5
Costa Rica,2016,53.8
Costa Rica,2017,53.8
Costa Rica,2018,53.8
Croatia,1990,42.3
Croatia,1995,55.2
Croatia,2000,68.6
Croatia,2005,76.9
Croatia,2010,83.6
Croatia,2011,85
Croatia,2012,87.3
Croatia,2013,89.7
Croatia,2014,92
Croatia,2015,94.3
Croatia,2016,94.5
Croatia,2017,94.5
Croatia,2018,94.5
Cuba,1990,51.9
Cuba,1995,60.8
Cuba,2000,65.8
Cuba,2005,69.8
Cuba,2010,76.5
Cuba,2011,77.8
Cuba,2012,79.1
Cuba,2013,81.5
Cuba,2014,83.9
Cuba,2015,85.1
Cuba,2016,86.2
Cuba,2017,86.7
Cuba,2018,86.7
Cyprus,1990,45.4
Cyprus,1995,53.4
Cyprus,2000,59.1
Cyprus,2005,65.8
Cyprus,2010,72.2
Cyprus,2011,73.2
Cyprus,2012,76
Cyprus,2013,77
Cyprus,2014,77
Cyprus,2015,77
Cyprus,2016,77
Cyprus,2017,78.2
Cyprus,2018,78.2
Czechia,1990,58.4
Czechia,1995,83.2
Czechia,2000,99.1
Czechia,2005,99.8
Czechia,2010,99.8
Czechia,2011,99.8
Czechia,2012,99.9
Czechia,2013,99.8
Czechia,2014,99.8
Czechia,2015,99.8
Czechia,2016,99.8
Czechia,2017,99.8
Czechia,2018,99.8
Côte d'Ivoire,1990,5.5
Côte d'Ivoire,1995,7.3
Côte d'Ivoire,2000,9.4
Côte d'Ivoire,2005,11.8
Côte d'Ivoire,2010,14
Côte d'Ivoire,2011,14.7
Côte d'Ivoire,2012,15.3
Côte d'Ivoire,2013,15.9
Côte d'Ivoire,2014,16.6
Côte d'Ivoire,2015,16.6
Côte d'Ivoire,2016,17.2
Côte d'Ivoire,2017,17.8
Côte d'Ivoire,2018,17.8
Denmark,1990,58
Denmark,1995,67.1
Denmark,2000,87.3
Denmark,2005,100
Denmark,2010,96.1
Denmark,2011,96.5
Denmark,2012,95.5
Denmark,2013,99.7
Denmark,2014,89.1
Denmark,2015,89.1
Denmark,2016,89.1
Denmark,2017,90.1
Denmark,2018,89.2
Dominican Republic,1990,25.9
Dominican Republic,1995,31.4
Dominican Republic,2000,30.9
Dominican Republic,2005,39.8
Dominican Republic,2010,53.3
Dominican Republic,2011,54.7
Dominican Republic,2012,55.6
Dominican Republic,2013,56.5
Dominican Republic,2014,57.2
Dominican Republic,2015,57.2
Dominican Republic,2016,57.2
Dominican Republic,2017,58.6
Dominican Republic,2018,58.6
Ecuador,1990,33.3
Ecuador,1995,36.7
Ecuador,2000,37.4
Ecuador,2005,38.6
Ecuador,2010,40.1
Ecuador,2011,42.6
Ecuador,2012,45.1
Ecuador,2013,47.6
Ecuador,2014,48.2
Ecuador,2015,48.2
Ecuador,2016,52.1
Ecuador,2017,52.1
Ecuador,2018,51.9
Egypt,1990,15.4
Egypt,1995,21.1
Egypt,2000,28.3
Egypt,2005,35.2
Egypt,2010,43.9
Egypt,2011,46.5
Egypt,2012,49.2
Egypt,2013,51.9
Egypt,2014,54.5
Egypt,2015,54.5
Egypt,2016,57.2
Egypt,2017,58.2
Egypt,2018,59.2
El Salvador,1990,15.1
El Salvador,1995,20
El Salvador,2000,26.7
El Salvador,2005,34.2
El Salvador,2010,39
El Salvador,2011,36
El Salvador,2012,36.8
El Salvador,2013,38
El Salvador,2014,39.4
El Salvador,2015,40.9
El Salvador,2016,41.5
El Salvador,2017,40.1
El Salvador,2018,39.9
Estonia,1990,58.5
Estonia,1995,74.7
Estonia,2000,85.9
Estonia,2005,96
Estonia,2010,100
Estonia,2011,100
Estonia,2012,100
Estonia,2013,100
Estonia,2014,100
Estonia,2015,100
Estonia,2016,100
Estonia,2017,100
Estonia,2018,100
Eswatini (Kingdom of),1990,29.8
Eswatini (Kingdom of),1995,28.4
Eswatini (Kingdom of),2000,24
Eswatini (Kingdom of),2005,16.4
Eswatini (Kingdom of),2010,21.9
Eswatini (Kingdom of),2011,23.2
Eswatini (Kingdom of),2012,24.6
Eswatini (Kingdom of),2013,26
Eswatini (Kingdom of),2014,27.3
Eswatini (Kingdom of),2015,27.3
Eswatini (Kingdom of),2016,28.7
Eswatini (Kingdom of),2017,30
Eswatini (Kingdom of),2018,31.3
Ethiopia,1990,..
Ethiopia,1995,..
Ethiopia,2000,..
Ethiopia,2005,3.3
Ethiopia,2010,7
Ethiopia,2011,7.8
Ethiopia,2012,8.7
Ethiopia,2013,9.7
Ethiopia,2014,10.8
Ethiopia,2015,10.8
Ethiopia,2016,11.2
Ethiopia,2017,11.2
Ethiopia,2018,11.5
Fiji,1990,30.3
Fiji,1995,44.4
Fiji,2000,48.6
Fiji,2005,55
Fiji,2010,64.3
Fiji,2011,66.6
Fiji,2012,69
Fiji,2013,71.5
Fiji,2014,73.9
Fiji,2015,73.9
Fiji,2016,76.3
Fiji,2017,77.3
Fiji,2018,78.3
Finland,1990,65.9
Finland,1995,86.2
Finland,2000,94.6
Finland,2005,100
Finland,2010,100
Finland,2011,100
Finland,2012,100
Finland,2013,100
Finland,2014,100
Finland,2015,100
Finland,2016,100
Finland,2017,100
Finland,2018,100
France,1990,44.4
France,1995,57.1
France,2000,67.6
France,2005,71.3
France,2010,76.4
France,2011,77.2
France,2012,78
France,2013,78.7
France,2014,79.7
France,2015,79.7
France,2016,80.6
France,2017,80.6
France,2018,81
Gabon,1990,29.8
Gabon,1995,36
Gabon,2000,42.7
Gabon,2005,48.8
Gabon,2010,53.9
Gabon,2011,56
Gabon,2012,58.1
Gabon,2013,60.2
Gabon,2014,62.3
Gabon,2015,62.3
Gabon,2016,64.4
Gabon,2017,65.6
Gabon,2018,65.6
Gambia,1990,5.5
Gambia,1995,8.5
Gambia,2000,9.7
Gambia,2005,13.2
Gambia,2010,17.4
Gambia,2011,19.4
Gambia,2012,21.3
Gambia,2013,23.3
Gambia,2014,25.3
Gambia,2015,25.3
Gambia,2016,27.3
Gambia,2017,29
Gambia,2018,30.7
Georgia,1990,83.9
Georgia,1995,86.2
Georgia,2000,88.7
Georgia,2005,91.2
Georgia,2010,93.7
Georgia,2011,94.2
Georgia,2012,94.7
Georgia,2013,95.4
Georgia,2014,96.1
Georgia,2015,96.1
Georgia,2016,95.1
Georgia,2017,95.1
Georgia,2018,97.4
Germany,1990,47.7
Germany,1995,60.6
Germany,2000,70.3
Germany,2005,96.5
Germany,2010,96
Germany,2011,96.3
Germany,2012,96.3
Germany,2013,96.2
Germany,2014,96.4
Germany,2015,96.4
Germany,2016,96.2
Germany,2017,96.2
Germany,2018,96
Ghana,1990,26.7
Ghana,1995,32.2
Ghana,2000,36.8
Ghana,2005,40.3
Ghana,2010,45.2
Ghana,2011,46.9
Ghana,2012,48.5
Ghana,2013,50.2
Ghana,2014,51.8
Ghana,2015,51.8
Ghana,2016,53.5
Ghana,2017,54.6
Ghana,2018,55.7
Greece,1990,34.9
Greece,1995,41.9
Greece,2000,48.5
Greece,2005,53.9
Greece,2010,59.5
Greece,2011,60.6
Greece,2012,61.6
Greece,2013,62.6
Greece,2014,63.7
Greece,2015,63.7
Greece,2016,65.4
Greece,2017,65.4
Greece,2018,61.5
Guatemala,1990,11.9
Guatemala,1995,13.7
Guatemala,2000,15.5
Guatemala,2005,13.3
Guatemala,2010,18.3
Guatemala,2011,19.8
Guatemala,2012,21.2
Guatemala,2013,22.7
Guatemala,2014,37.4
Guatemala,2015,37.4
Guatemala,2016,38.4
Guatemala,2017,38.4
Guatemala,2018,38.4
Guyana,1990,32.5
Guyana,1995,40.6
Guyana,2000,51.4
Guyana,2005,55.9
Guyana,2010,60.3
Guyana,2011,62.3
Guyana,2012,64.2
Guyana,2013,66.2
Guyana,2014,68.1
Guyana,2015,68.1
Guyana,2016,70.1
Guyana,2017,70.9
Guyana,2018,70.9
Haiti,1990,10.8
Haiti,1995,13.5
Haiti,2000,16.6
Haiti,2005,19.7
Haiti,2010,22.4
Haiti,2011,23.2
Haiti,2012,24
Haiti,2013,24.9
Haiti,2014,25.7
Haiti,2015,25.7
Haiti,2016,26.5
Haiti,2017,26.9
Haiti,2018,26.9
Honduras,1990,18.6
Honduras,1995,21.8
Honduras,2000,23.8
Honduras,2005,26.3
Honduras,2010,28
Honduras,2011,28.2
Honduras,2012,28
Honduras,2013,30.7
Honduras,2014,33.4
Honduras,2015,35.4
Honduras,2016,36.8
Honduras,2017,36.8
Honduras,2018,34.2
"Hong Kong, China (SAR)",1990,47.9
"Hong Kong, China (SAR)",1995,55.4
"Hong Kong, China (SAR)",2000,61.1
"Hong Kong, China (SAR)",2005,66.4
"Hong Kong, China (SAR)",2010,70.8
"Hong Kong, China (SAR)",2011,72.2
"Hong Kong, China (SAR)",2012,73
"Hong Kong, China (SAR)",2013,73.8
"Hong Kong, China (SAR)",2014,74.7
"Hong Kong, China (SAR)",2015,75.7
"Hong Kong, China (SAR)",2016,75.7
"Hong Kong, China (SAR)",2017,75.7
"Hong Kong, China (SAR)",2018,76.6
Hungary,1990,34.8
Hungary,1995,65
Hungary,2000,83.8
Hungary,2005,88
Hungary,2010,97.4
Hungary,2011,97.8
Hungary,2012,97.9
Hungary,2013,98
Hungary,2014,95.6
Hungary,2015,95.6
Hungary,2016,95.7
Hungary,2017,95.7
Hungary,2018,96.3
Iceland,1990,46.5
Iceland,1995,52.2
Iceland,2000,71.6
Iceland,2005,91
Iceland,2010,98
Iceland,2011,100
Iceland,2012,100
Iceland,2013,100
Iceland,2014,100
Iceland,2015,100
Iceland,2016,100
Iceland,2017,100
Iceland,2018,100
India,1990,13.4
India,1995,15
India,2000,23.5
India,2005,21.8
India,2010,27
India,2011,29.1
India,2012,31.2
India,2013,33.3
India,2014,35.3
India,2015,35.3
India,2016,37.4
India,2017,39
India,2018,39
Indonesia,1990,13.8
Indonesia,1995,17.4
Indonesia,2000,26.1
Indonesia,2005,34.8
Indonesia,2010,38.6
Indonesia,2011,39.9
Indonesia,2012,40.9
Indonesia,2013,41.9
Indonesia,2014,42.9
Indonesia,2015,42.9
Indonesia,2016,44.5
Indonesia,2017,44.5
Indonesia,2018,44.5
Iran (Islamic Republic of),1990,26
Iran (Islamic Republic of),1995,34.7
Iran (Islamic Republic of),2000,47.9
Iran (Islamic Republic of),2005,58.5
Iran (Islamic Republic of),2010,60
Iran (Islamic Republic of),2011,60.9
Iran (Islamic Republic of),2012,61.8
Iran (Islamic Republic of),2013,64.9
Iran (Islamic Republic of),2014,66.8
Iran (Islamic Republic of),2015,66.8
Iran (Islamic Republic of),2016,65.8
Iran (Islamic Republic of),2017,65.8
Iran (Islamic Republic of),2018,67.4
Iraq,1990,12.8
Iraq,1995,17.5
Iraq,2000,21.2
Iraq,2005,25.2
Iraq,2010,27.8
Iraq,2011,29.8
Iraq,2012,31.8
Iraq,2013,33.8
Iraq,2014,35.8
Iraq,2015,35.8
Iraq,2016,37.8
Iraq,2017,38.7
Iraq,2018,39.5
Ireland,1990,59.6
Ireland,1995,66.9
Ireland,2000,72.9
Ireland,2005,74.8
Ireland,2010,79.4
Ireland,2011,80.5
Ireland,2012,82.6
Ireland,2013,84.7
Ireland,2014,86.8
Ireland,2015,86.8
Ireland,2016,88.3
Ireland,2017,90.2
Ireland,2018,90.2
Israel,1990,66.7
Israel,1995,70.1
Israel,2000,71.4
Israel,2005,72.6
Israel,2010,83.1
Israel,2011,84
Israel,2012,84.4
Israel,2013,87
Israel,2014,87.3
Israel,2015,87.3
Israel,2016,87.8
Israel,2017,87.8
Israel,2018,87.8
Italy,1990,44.1
Italy,1995,52.2
Italy,2000,59.3
Italy,2005,63.5
Italy,2010,69.1
Italy,2011,70.2
Italy,2012,71.2
Italy,2013,72.3
Italy,2014,73.4
Italy,2015,74.3
Italy,2016,75
Italy,2017,75.6
Italy,2018,75.6
Jamaica,1990,27.2
Jamaica,1995,39.9
Jamaica,2000,51.1
Jamaica,2005,55.5
Jamaica,2010,59.7
Jamaica,2011,61.5
Jamaica,2012,63.4
Jamaica,2013,65.2
Jamaica,2014,67.1
Jamaica,2015,68.9
Jamaica,2016,69.4
Jamaica,2017,69.9
Jamaica,2018,69.9
Japan,1990,63.4
Japan,1995,71.2
Japan,2000,77.2
Japan,2005,81.6
Japan,2010,87
Japan,2011,88.5
Japan,2012,90
Japan,2013,91.5
Japan,2014,93
Japan,2015,93
Japan,2016,94.5
Japan,2017,94.8
Japan,2018,95.2
Jordan,1990,20.8
Jordan,1995,31.4
Jordan,2000,36.8
Jordan,2005,50.1
Jordan,2010,69.5
Jordan,2011,71.7
Jordan,2012,74
Jordan,2013,76.2
Jordan,2014,78.5
Jordan,2015,78.5
Jordan,2016,80.7
Jordan,2017,81.4
Jordan,2018,82
Kazakhstan,1990,59.8
Kazakhstan,1995,70.4
Kazakhstan,2000,81.5
Kazakhstan,2005,94.2
Kazakhstan,2010,96.1
Kazakhstan,2011,95.3
Kazakhstan,2012,96
Kazakhstan,2013,96.7
Kazakhstan,2014,97.4
Kazakhstan,2015,98.1
Kazakhstan,2016,98.8
Kazakhstan,2017,98.5
Kazakhstan,2018,98.3
Kenya,1990,8.4
Kenya,1995,11.3
Kenya,2000,15.1
Kenya,2005,22
Kenya,2010,25.3
Kenya,2011,26
Kenya,2012,26.6
Kenya,2013,27.2
Kenya,2014,27.8
Kenya,2015,28
Kenya,2016,28.6
Kenya,2017,29.2
Kenya,2018,29.8
Korea (Republic of),1990,57.6
Korea (Republic of),1995,64.3
Korea (Republic of),2000,69.6
Korea (Republic of),2005,74.1
Korea (Republic of),2010,77.1
Korea (Republic of),2011,80
Korea (Republic of),2012,82.9
Korea (Republic of),2013,85.9
Korea (Republic of),2014,88.8
Korea (Republic of),2015,88.8
Korea (Republic of),2016,89.3
Korea (Republic of),2017,89.8
Korea (Republic of),2018,89.8
Kuwait,1990,41.9
Kuwait,1995,42.6
Kuwait,2000,46.6
Kuwait,2005,46.4
Kuwait,2010,54.7
Kuwait,2011,55.1
Kuwait,2012,55.6
Kuwait,2013,55.8
Kuwait,2014,56.8
Kuwait,2015,54.8
Kuwait,2016,54.8
Kuwait,2017,54.8
Kuwait,2018,56.8
Kyrgyzstan,1990,71.1
Kyrgyzstan,1995,79.3
Kyrgyzstan,2000,87.3
Kyrgyzstan,2005,91.3
Kyrgyzstan,2010,94.5
Kyrgyzstan,2011,95.4
Kyrgyzstan,2012,96.2
Kyrgyzstan,2013,97.1
Kyrgyzstan,2014,97.9
Kyrgyzstan,2015,98.8
Kyrgyzstan,2016,98.7
Kyrgyzstan,2017,98.6
Kyrgyzstan,2018,98.6
Lao People's Democratic Republic,1990,6
Lao People's Democratic Republic,1995,9.8
Lao People's Democratic Republic,2000,14
Lao People's Democratic Republic,2005,18.3
Lao People's Democratic Republic,2010,22.9
Lao People's Democratic Republic,2011,24.8
Lao People's Democratic Republic,2012,26.6
Lao People's Democratic Republic,2013,28.5
Lao People's Democratic Republic,2014,30.4
Lao People's Democratic Republic,2015,30.4
Lao People's Democratic Republic,2016,32.3
Lao People's Democratic Republic,2017,33.6
Lao People's Democratic Republic,2018,35
Latvia,1990,58.3
Latvia,1995,74.9
Latvia,2000,82.9
Latvia,2005,98
Latvia,2010,98.6
Latvia,2011,98.9
Latvia,2012,98.9
Latvia,2013,99
Latvia,2014,99.6
Latvia,2015,99.4
Latvia,2016,99.4
Latvia,2017,99.4
Latvia,2018,100
Lebanon,1990,..
Lebanon,1995,..
Lebanon,2000,..
Lebanon,2005,53
Lebanon,2010,53
Lebanon,2011,53
Lebanon,2012,53
Lebanon,2013,53
Lebanon,2014,53
Lebanon,2015,53
Lebanon,2016,53
Lebanon,2017,53
Lebanon,2018,54.3
Lesotho,1990,13.4
Lesotho,1995,18.2
Lesotho,2000,23.7
Lesotho,2005,26.8
Lesotho,2010,17.3
Lesotho,2011,18.9
Lesotho,2012,20.4
Lesotho,2013,22
Lesotho,2014,23.6
Lesotho,2015,23.6
Lesotho,2016,29.8
Lesotho,2017,31.8
Lesotho,2018,32.8
Liberia,1990,8.4
Liberia,1995,10
Liberia,2000,11.4
Liberia,2005,13
Liberia,2010,15.4
Liberia,2011,15.9
Liberia,2012,16.3
Liberia,2013,16.8
Liberia,2014,17.3
Liberia,2015,17.3
Liberia,2016,17.8
Liberia,2017,18.5
Liberia,2018,18.5
Libya,1990,17
Libya,1995,24.4
Libya,2000,34
Libya,2005,45.1
Libya,2010,55.5
Libya,2011,58
Libya,2012,60.6
Libya,2013,63.1
Libya,2014,65.7
Libya,2015,65.7
Libya,2016,68.2
Libya,2017,69.4
Libya,2018,69.4
Lithuania,1990,65.4
Lithuania,1995,72.7
Lithuania,2000,80.3
Lithuania,2005,83.7
Lithuania,2010,88.6
Lithuania,2011,89.3
Lithuania,2012,89.1
Lithuania,2013,90.2
Lithuania,2014,91.1
Lithuania,2015,91.1
Lithuania,2016,91.8
Lithuania,2017,91.8
Lithuania,2018,92.9
Luxembourg,1990,46.3
Luxembourg,1995,53.2
Luxembourg,2000,60.7
Luxembourg,2005,68.4
Luxembourg,2010,100
Luxembourg,2011,100
Luxembourg,2012,100
Luxembourg,2013,100
Luxembourg,2014,100
Luxembourg,2015,100
Luxembourg,2016,100
Luxembourg,2017,100
Luxembourg,2018,100
Malawi,1990,2.8
Malawi,1995,3.3
Malawi,2000,4.5
Malawi,2005,5.7
Malawi,2010,11.1
Malawi,2011,12.1
Malawi,2012,13
Malawi,2013,14
Malawi,2014,14.9
Malawi,2015,14.9
Malawi,2016,15.9
Malawi,2017,16.7
Malawi,2018,17.6
Malaysia,1990,34.7
Malaysia,1995,45.3
Malaysia,2000,49.9
Malaysia,2005,42.9
Malaysia,2010,65.1
Malaysia,2011,67.7
Malaysia,2012,70.2
Malaysia,2013,72.8
Malaysia,2014,75.4
Malaysia,2015,78
Malaysia,2016,78.9
Malaysia,2017,78.9
Malaysia,2018,79.8
Maldives,1990,22.9
Maldives,1995,20.5
Maldives,2000,17.9
Maldives,2005,10.7
Maldives,2010,23.6
Maldives,2011,27.3
Maldives,2012,30.5
Maldives,2013,33.6
Maldives,2014,36.7
Maldives,2015,39.8
Maldives,2016,42.9
Maldives,2017,44.9
Maldives,2018,44.9
Mali,1990,1.1
Mali,1995,1.4
Mali,2000,1.7
Mali,2005,2.2
Mali,2010,8.1
Mali,2011,7.7
Mali,2012,7.6
Mali,2013,7.5
Mali,2014,7.4
Mali,2015,7.3
Mali,2016,7.3
Mali,2017,7.3
Mali,2018,7.3
Malta,1990,25
Malta,1995,29.4
Malta,2000,33.3
Malta,2005,58.8
Malta,2010,63.4
Malta,2011,64.7
Malta,2012,68.6
Malta,2013,71.1
Malta,2014,72.7
Malta,2015,72.7
Malta,2016,73.2
Malta,2017,73.2
Malta,2018,74.3
Marshall Islands,1990,..
Marshall Islands,1995,..
Marshall Islands,2000,..
Marshall Islands,2005,..
Marshall Islands,2010,91.6
Marshall Islands,2011,91.6
Marshall Islands,2012,91.6
Marshall Islands,2013,91.6
Marshall Islands,2014,91.6
Marshall Islands,2015,91.6
Marshall Islands,2016,91.6
Marshall Islands,2017,91.6
Marshall Islands,2018,91.6
Mauritania,1990,2
Mauritania,1995,3.4
Mauritania,2000,4.9
Mauritania,2005,6.4
Mauritania,2010,8.3
Mauritania,2011,9
Mauritania,2012,9.7
Mauritania,2013,10.4
Mauritania,2014,11.1
Mauritania,2015,11.1
Mauritania,2016,11.8
Mauritania,2017,12.2
Mauritania,2018,12.7
Mauritius,1990,26
Mauritius,1995,32.5
Mauritius,2000,33.3
Mauritius,2005,43.1
Mauritius,2010,49.6
Mauritius,2011,49.4
Mauritius,2012,52.3
Mauritius,2013,55
Mauritius,2014,57.6
Mauritius,2015,60.3
Mauritius,2016,63
Mauritius,2017,64.3
Mauritius,2018,65.7
Mexico,1990,27.8
Mexico,1995,35.1
Mexico,2000,37
Mexico,2005,44.5
Mexico,2010,51
Mexico,2011,53.3
Mexico,2012,55.7
Mexico,2013,54.8
Mexico,2014,56.1
Mexico,2015,56.1
Mexico,2016,57.8
Mexico,2017,57.8
Mexico,2018,58.4
Moldova (Republic of),1990,65.6
Moldova (Republic of),1995,71.8
Moldova (Republic of),2000,76.5
Moldova (Republic of),2005,85.9
Moldova (Republic of),2010,92.1
Moldova (Republic of),2011,92.6
Moldova (Republic of),2012,93.6
Moldova (Republic of),2013,94.3
Moldova (Republic of),2014,95.2
Moldova (Republic of),2015,95.2
Moldova (Republic of),2016,95.5
Moldova (Republic of),2017,95.5
Moldova (Republic of),2018,95.5
Mongolia,1990,67.6
Mongolia,1995,70.7
Mongolia,2000,77.8
Mongolia,2005,81.5
Mongolia,2010,85.3
Mongolia,2011,86.4
Mongolia,2012,87.5
Mongolia,2013,88.6
Mongolia,2014,89.7
Mongolia,2015,89.7
Mongolia,2016,90.9
Mongolia,2017,91.2
Mongolia,2018,91.2
Montenegro,1990,..
Montenegro,1995,..
Montenegro,2000,74.3
Montenegro,2005,78.8
Montenegro,2010,83.3
Montenegro,2011,84.2
Montenegro,2012,85.1
Montenegro,2013,86
Montenegro,2014,86.9
Montenegro,2015,86.9
Montenegro,2016,87
Montenegro,2017,87
Montenegro,2018,88
Morocco,1990,9.1
Morocco,1995,11.9
Morocco,2000,14.9
Morocco,2005,17.9
Morocco,2010,20.7
Morocco,2011,21.9
Morocco,2012,23.2
Morocco,2013,24.5
Morocco,2014,25.7
Morocco,2015,25.7
Morocco,2016,27
Morocco,2017,28
Morocco,2018,29
Mozambique,1990,..
Mozambique,1995,..
Mozambique,2000,5.2
Mozambique,2005,5.4
Mozambique,2010,5.9
Mozambique,2011,7.3
Mozambique,2012,8.7
Mozambique,2013,10.1
Mozambique,2014,11.5
Mozambique,2015,13
Mozambique,2016,14
Mozambique,2017,14
Mozambique,2018,14
Myanmar,1990,13
Myanmar,1995,15.2
Myanmar,2000,17.2
Myanmar,2005,19.4
Myanmar,2010,22.9
Myanmar,2011,24
Myanmar,2012,25
Myanmar,2013,26.1
Myanmar,2014,27.1
Myanmar,2015,27.1
Myanmar,2016,28.2
Myanmar,2017,28.7
Myanmar,2018,28.7
Namibia,1990,31.5
Namibia,1995,29.7
Namibia,2000,26.6
Namibia,2005,30.1
Namibia,2010,33.3
Namibia,2011,34.5
Namibia,2012,35.7
Namibia,2013,36.9
Namibia,2014,38.1
Namibia,2015,38.1
Namibia,2016,39.3
Namibia,2017,39.9
Namibia,2018,40.5
Nepal,1990,7
Nepal,1995,8.1
Nepal,2000,9.5
Nepal,2005,13.3
Nepal,2010,17.7
Nepal,2011,19.3
Nepal,2012,20.9
Nepal,2013,22.5
Nepal,2014,24.1
Nepal,2015,24.1
Nepal,2016,25.7
Nepal,2017,27.3
Nepal,2018,29
Netherlands,1990,74.7
Netherlands,1995,78.6
Netherlands,2000,81.8
Netherlands,2005,86.4
Netherlands,2010,87.1
Netherlands,2011,87.2
Netherlands,2012,87.7
Netherlands,2013,86
Netherlands,2014,86.2
Netherlands,2015,86.2
Netherlands,2016,86.4
Netherlands,2017,86.4
Netherlands,2018,86.6
New Zealand,1990,60.5
New Zealand,1995,63.1
New Zealand,2000,72.1
New Zealand,2005,81
New Zealand,2010,92.6
New Zealand,2011,95
New Zealand,2012,94.7
New Zealand,2013,96.8
New Zealand,2014,98.8
New Zealand,2015,98.8
New Zealand,2016,99
New Zealand,2017,99
New Zealand,2018,97.2
Nicaragua,1990,16.4
Nicaragua,1995,21.8
Nicaragua,2000,28.6
Nicaragua,2005,33.9
Nicaragua,2010,39.4
Nicaragua,2011,41
Nicaragua,2012,42.6
Nicaragua,2013,44.2
Nicaragua,2014,45.7
Nicaragua,2015,45.7
Nicaragua,2016,47.3
Nicaragua,2017,48.3
Nicaragua,2018,48.3
Niger,1990,0.8
Niger,1995,1
Niger,2000,1.4
Niger,2005,2
Niger,2010,2.4
Niger,2011,2.7
Niger,2012,3
Niger,2013,3.3
Niger,2014,3.6
Niger,2015,3.6
Niger,2016,3.9
Niger,2017,4.3
Niger,2018,4.3
North Macedonia,1990,..
North Macedonia,1995,..
North Macedonia,2000,..
North Macedonia,2005,..
North Macedonia,2010,..
North Macedonia,2011,..
North Macedonia,2012,..
North Macedonia,2013,..
North Macedonia,2014,..
North Macedonia,2015,40.2
North Macedonia,2016,40.5
North Macedonia,2017,40.5
North Macedonia,2018,41.6
Norway,1990,62.5
Norway,1995,69
Norway,2000,74.9
Norway,2005,96.6
Norway,2010,94.5
Norway,2011,97.4
Norway,2012,96.9
Norway,2013,96.5
Norway,2014,96.1
Norway,2015,96.1
Norway,2016,96.3
Norway,2017,96.3
Norway,2018,96.1
Oman,1990,..
Oman,1995,..
Oman,2000,25.1
Oman,2005,38.4
Oman,2010,51.1
Oman,2011,54.8
Oman,2012,58.5
Oman,2013,62.3
Oman,2014,66
Oman,2015,69.7
Oman,2016,73.4
Oman,2017,73.4
Oman,2018,73.4
Pakistan,1990,6.9
Pakistan,1995,9.8
Pakistan,2000,12.8
Pakistan,2005,19.9
Pakistan,2010,20.7
Pakistan,2011,19.3
Pakistan,2012,24.4
Pakistan,2013,25.2
Pakistan,2014,26.5
Pakistan,2015,26.5
Pakistan,2016,26.6
Pakistan,2017,27
Pakistan,2018,26.7
Palau,1990,..
Palau,1995,..
Palau,2000,..
Palau,2005,..
Palau,2010,..
Palau,2011,..
Palau,2012,..
Palau,2013,96.9
Palau,2014,96.9
Palau,2015,96.9
Palau,2016,96.9
Palau,2017,96.9
Palau,2018,96.9
"Palestine, State of",1990,..
"Palestine, State of",1995,..
"Palestine, State of",2000,37.9
"Palestine, State of",2005,40.8
"Palestine, State of",2010,49.1
"Palestine, State of",2011,51
"Palestine, State of",2012,53.9
"Palestine, State of",2013,55.6
"Palestine, State of",2014,56.3
"Palestine, State of",2015,56.3
"Palestine, State of",2016,58.5
"Palestine, State of",2017,58.5
"Palestine, State of",2018,60
Panama,1990,45.1
Panama,1995,47
Panama,2000,48.9
Panama,2005,55.7
Panama,2010,62.5
Panama,2011,64.4
Panama,2012,66.3
Panama,2013,68.2
Panama,2014,70.1
Panama,2015,72
Panama,2016,72.7
Panama,2017,72.7
Panama,2018,74.8
Papua New Guinea,1990,7.2
Papua New Guinea,1995,8.7
Papua New Guinea,2000,7.7
Papua New Guinea,2005,7.1
Papua New Guinea,2010,7.6
Papua New Guinea,2011,7.9
Papua New Guinea,2012,8.2
Papua New Guinea,2013,8.5
Papua New Guinea,2014,8.8
Papua New Guinea,2015,8.8
Papua New Guinea,2016,9.1
Papua New Guinea,2017,9.5
Papua New Guinea,2018,9.9
Paraguay,1990,25.1
Paraguay,1995,25.7
Paraguay,2000,25.2
Paraguay,2005,39.2
Paraguay,2010,32
Paraguay,2011,35.6
Paraguay,2012,39.1
Paraguay,2013,42.7
Paraguay,2014,46.2
Paraguay,2015,46.2
Paraguay,2016,47
Paraguay,2017,47
Paraguay,2018,47.3
Peru,1990,37.9
Peru,1995,42.6
Peru,2000,50.7
Peru,2005,43.6
Peru,2010,53.2
Peru,2011,54.1
Peru,2012,56.3
Peru,2013,57.3
Peru,2014,56.2
Peru,2015,56.2
Peru,2016,57.1
Peru,2017,57.1
Peru,2018,57.4
Philippines,1990,44.2
Philippines,1995,46.6
Philippines,2000,49
Philippines,2005,65.1
Philippines,2010,67.5
Philippines,2011,68.7
Philippines,2012,69.9
Philippines,2013,71.1
Philippines,2014,72.8
Philippines,2015,74.6
Philippines,2016,75.6
Philippines,2017,75.6
Philippines,2018,75.6
Poland,1990,55.7
Poland,1995,60.6
Poland,2000,64.9
Poland,2005,71.1
Poland,2010,77.9
Poland,2011,78.8
Poland,2012,79.4
Poland,2013,80.4
Poland,2014,81.1
Poland,2015,81.1
Poland,2016,81.1
Poland,2017,81.1
Poland,2018,82.9
Portugal,1990,20.1
Portugal,1995,21.4
Portugal,2000,23.9
Portugal,2005,32.6
Portugal,2010,41.1
Portugal,2011,44.9
Portugal,2012,47.2
Portugal,2013,48.8
Portugal,2014,50.8
Portugal,2015,50.8
Portugal,2016,52.1
Portugal,2017,52.1
Portugal,2018,53.6
Qatar,1990,42.9
Qatar,1995,49.2
Qatar,2000,54.5
Qatar,2005,62.1
Qatar,2010,44.5
Qatar,2011,62.7
Qatar,2012,66.7
Qatar,2013,69.8
Qatar,2014,70.9
Qatar,2015,70.9
Qatar,2016,70.9
Qatar,2017,70.9
Qatar,2018,73.5
Romania,1990,63.8
Romania,1995,70.6
Romania,2000,73.2
Romania,2005,78.8
Romania,2010,83.9
Romania,2011,85.1
Romania,2012,86.1
Romania,2013,86.6
Romania,2014,86.1
Romania,2015,86.1
Romania,2016,86.5
Romania,2017,86.5
Romania,2018,87.2
Russian Federation,1990,74.2
Russian Federation,1995,80.3
Russian Federation,2000,91.5
Russian Federation,2005,93.6
Russian Federation,2010,89.6
Russian Federation,2011,90.8
Russian Federation,2012,92.1
Russian Federation,2013,93.4
Russian Federation,2014,94.6
Russian Federation,2015,95.9
Russian Federation,2016,95.8
Russian Federation,2017,95.8
Russian Federation,2018,96.3
Rwanda,1990,2.8
Rwanda,1995,3.6
Rwanda,2000,5
Rwanda,2005,6.3
Rwanda,2010,8
Rwanda,2011,8.7
Rwanda,2012,9.2
Rwanda,2013,9.8
Rwanda,2014,10.5
Rwanda,2015,11.1
Rwanda,2016,11.9
Rwanda,2017,12.6
Rwanda,2018,12.9
Saint Lucia,1990,..
Saint Lucia,1995,..
Saint Lucia,2000,..
Saint Lucia,2005,..
Saint Lucia,2010,48.2
Saint Lucia,2011,48.2
Saint Lucia,2012,48.2
Saint Lucia,2013,48.2
Saint Lucia,2014,48.2
Saint Lucia,2015,48.2
Saint Lucia,2016,48.2
Saint Lucia,2017,48.2
Saint Lucia,2018,49.2
Samoa,1990,..
Samoa,1995,..
Samoa,2000,63.3
Samoa,2005,68.4
Samoa,2010,73.6
Samoa,2011,74.6
Samoa,2012,75.7
Samoa,2013,76.7
Samoa,2014,77.8
Samoa,2015,77.8
Samoa,2016,79.1
Samoa,2017,79.1
Samoa,2018,79.1
Sao Tome and Principe,1990,..
Sao Tome and Principe,1995,..
Sao Tome and Principe,2000,..
Sao Tome and Principe,2005,..
Sao Tome and Principe,2010,30.8
Sao Tome and Principe,2011,30.8
Sao Tome and Principe,2012,30.8
Sao Tome and Principe,2013,30.8
Sao Tome and Principe,2014,30.8
Sao Tome and Principe,2015,30.8
Sao Tome and Principe,2016,31.1
Sao Tome and Principe,2017,31.1
Sao Tome and Principe,2018,31.5
Saudi Arabia,1990,21.8
Saudi Arabia,1995,27
Saudi Arabia,2000,31.8
Saudi Arabia,2005,44.9
Saudi Arabia,2010,54.6
Saudi Arabia,2011,56.6
Saudi Arabia,2012,58.5
Saudi Arabia,2013,60.5
Saudi Arabia,2014,63.3
Saudi Arabia,2015,66.1
Saudi Arabia,2016,67.8
Saudi Arabia,2017,67.8
Saudi Arabia,2018,67.8
Senegal,1990,4.1
Senegal,1995,4.3
Senegal,2000,4.3
Senegal,2005,4.1
Senegal,2010,6.7
Senegal,2011,7.2
Senegal,2012,8.4
Senegal,2013,9.6
Senegal,2014,10.2
Senegal,2015,10.2
Senegal,2016,10.3
Senegal,2017,11.1
Senegal,2018,11.1
Serbia,1990,32.5
Serbia,1995,40.7
Serbia,2000,44.7
Serbia,2005,62.7
Serbia,2010,80.7
Serbia,2011,79.5
Serbia,2012,80.5
Serbia,2013,81.6
Serbia,2014,82.3
Serbia,2015,82.3
Serbia,2016,84.6
Serbia,2017,84.6
Serbia,2018,85.7
Sierra Leone,1990,4
Sierra Leone,1995,5.2
Sierra Leone,2000,6.3
Sierra Leone,2005,7.3
Sierra Leone,2010,9.9
Sierra Leone,2011,11.7
Sierra Leone,2012,13.4
Sierra Leone,2013,15.1
Sierra Leone,2014,16.8
Sierra Leone,2015,16.8
Sierra Leone,2016,18.5
Sierra Leone,2017,19.2
Sierra Leone,2018,19.9
Singapore,1990,28.9
Singapore,1995,46.3
Singapore,2000,61.2
Singapore,2005,66.6
Singapore,2010,72.7
Singapore,2011,73.2
Singapore,2012,74.1
Singapore,2013,74.8
Singapore,2014,75.5
Singapore,2015,75.5
Singapore,2016,76.1
Singapore,2017,76.1
Singapore,2018,76.3
Slovakia,1990,71.8
Slovakia,1995,90.5
Slovakia,2000,92.1
Slovakia,2005,97.9
Slovakia,2010,97.4
Slovakia,2011,97.3
Slovakia,2012,99.1
Slovakia,2013,99.1
Slovakia,2014,99.2
Slovakia,2015,99.2
Slovakia,2016,99.1
Slovakia,2017,99.1
Slovakia,2018,99.1
Slovenia,1990,78
Slovenia,1995,84.7
Slovenia,2000,93.2
Slovenia,2005,93.1
Slovenia,2010,94
Slovenia,2011,94.8
Slovenia,2012,95.8
Slovenia,2013,96.1
Slovenia,2014,96.5
Slovenia,2015,96.5
Slovenia,2016,97.4
Slovenia,2017,97.4
Slovenia,2018,97
South Africa,1990,37.7
South Africa,1995,51.3
South Africa,2000,53.6
South Africa,2005,62.6
South Africa,2010,69.7
South Africa,2011,71.1
South Africa,2012,72.7
South Africa,2013,73.2
South Africa,2014,73.7
South Africa,2015,73.7
South Africa,2016,74.2
South Africa,2017,74.2
South Africa,2018,75
Spain,1990,30.1
Spain,1995,42.9
Spain,2000,54.9
Spain,2005,58.4
Spain,2010,64.2
Spain,2011,65.6
Spain,2012,66.8
Spain,2013,68.8
Spain,2014,70.9
Spain,2015,70.9
Spain,2016,72.2
Spain,2017,72.2
Spain,2018,73.3
Sri Lanka,1990,49
Sri Lanka,1995,59.9
Sri Lanka,2000,71
Sri Lanka,2005,72.2
Sri Lanka,2010,72.8
Sri Lanka,2011,74.7
Sri Lanka,2012,76.5
Sri Lanka,2013,78.3
Sri Lanka,2014,80.2
Sri Lanka,2015,80.2
Sri Lanka,2016,81.9
Sri Lanka,2017,82.6
Sri Lanka,2018,82.6
Sudan,1990,3.9
Sudan,1995,6.4
Sudan,2000,9.1
Sudan,2005,11
Sudan,2010,12.1
Sudan,2011,12.5
Sudan,2012,12.9
Sudan,2013,13.3
Sudan,2014,13.7
Sudan,2015,13.7
Sudan,2016,14.1
Sudan,2017,14.7
Sudan,2018,15.3
Suriname,1990,..
Suriname,1995,..
Suriname,2000,39.8
Suriname,2005,45.9
Suriname,2010,52.4
Suriname,2011,53.7
Suriname,2012,55
Suriname,2013,56.4
Suriname,2014,57.7
Suriname,2015,58.2
Suriname,2016,58.7
Suriname,2017,58.7
Suriname,2018,61.5
Sweden,1990,67.2
Sweden,1995,73.2
Sweden,2000,79.9
Sweden,2005,88.7
Sweden,2010,85.1
Sweden,2011,85.9
Sweden,2012,86.5
Sweden,2013,87.2
Sweden,2014,87.8
Sweden,2015,87.8
Sweden,2016,88.4
Sweden,2017,88.4
Sweden,2018,88.8
Switzerland,1990,57.4
Switzerland,1995,57.5
Switzerland,2000,64.5
Switzerland,2005,81.5
Switzerland,2010,94.6
Switzerland,2011,94.7
Switzerland,2012,95
Switzerland,2013,95.5
Switzerland,2014,96.1
Switzerland,2015,96.1
Switzerland,2016,96.4
Switzerland,2017,96.4
Switzerland,2018,96.4
Syrian Arab Republic,1990,18.8
Syrian Arab Republic,1995,22.1
Syrian Arab Republic,2000,25.6
Syrian Arab Republic,2005,27.1
Syrian Arab Republic,2010,29.5
Syrian Arab Republic,2011,30.8
Syrian Arab Republic,2012,32.1
Syrian Arab Republic,2013,33.5
Syrian Arab Republic,2014,34.8
Syrian Arab Republic,2015,36.1
Syrian Arab Republic,2016,37.1
Syrian Arab Republic,2017,37.1
Syrian Arab Republic,2018,37.1
Tajikistan,1990,71.2
Tajikistan,1995,82.3
Tajikistan,2000,89.9
Tajikistan,2005,92.7
Tajikistan,2010,95
Tajikistan,2011,95.8
Tajikistan,2012,96.5
Tajikistan,2013,97.3
Tajikistan,2014,98
Tajikistan,2015,98
Tajikistan,2016,98.8
Tajikistan,2017,98.8
Tajikistan,2018,98.8
Tanzania (United Republic of),1990,2.5
Tanzania (United Republic of),1995,3.2
Tanzania (United Republic of),2000,4
Tanzania (United Republic of),2005,5.5
Tanzania (United Republic of),2010,7.7
Tanzania (United Republic of),2011,8.1
Tanzania (United Republic of),2012,8.6
Tanzania (United Republic of),2013,9.3
Tanzania (United Republic of),2014,10.1
Tanzania (United Republic of),2015,10.8
Tanzania (United Republic of),2016,11.9
Tanzania (United Republic of),2017,11.9
Tanzania (United Republic of),2018,11.9
Thailand,1990,11.6
Thailand,1995,13.6
Thailand,2000,18.7
Thailand,2005,29.4
Thailand,2010,35.7
Thailand,2011,36.7
Thailand,2012,37.7
Thailand,2013,38.7
Thailand,2014,39.6
Thailand,2015,40.6
Thailand,2016,41.5
Thailand,2017,42.4
Thailand,2018,43.1
Togo,1990,9.5
Togo,1995,11
Togo,2000,12.6
Togo,2005,13.7
Togo,2010,16.1
Togo,2011,17.9
Togo,2012,19.6
Togo,2013,21.4
Togo,2014,23.1
Togo,2015,23.1
Togo,2016,24.9
Togo,2017,26.3
Togo,2018,27.6
Tonga,1990,59.9
Tonga,1995,71.6
Tonga,2000,70.7
Tonga,2005,68.6
Tonga,2010,83.6
Tonga,2011,87.5
Tonga,2012,88.7
Tonga,2013,90
Tonga,2014,91.2
Tonga,2015,92.5
Tonga,2016,92.7
Tonga,2017,92.7
Tonga,2018,94
Trinidad and Tobago,1990,37
Trinidad and Tobago,1995,44
Trinidad and Tobago,2000,50.7
Trinidad and Tobago,2005,56.6
Trinidad and Tobago,2010,59.7
Trinidad and Tobago,2011,62.4
Trinidad and Tobago,2012,65.1
Trinidad and Tobago,2013,67.9
Trinidad and Tobago,2014,70.6
Trinidad and Tobago,2015,70.6
Trinidad and Tobago,2016,73.3
Trinidad and Tobago,2017,74.4
Trinidad and Tobago,2018,74.4
Tunisia,1990,12
Tunisia,1995,15.9
Tunisia,2000,20.7
Tunisia,2005,26.1
Tunisia,2010,32.8
Tunisia,2011,34
Tunisia,2012,33.3
Tunisia,2013,35.4
Tunisia,2014,37.5
Tunisia,2015,37.5
Tunisia,2016,40
Tunisia,2017,41.2
Tunisia,2018,42.3
Turkey,1990,12.3
Turkey,1995,14
Turkey,2000,18.1
Turkey,2005,20.9
Turkey,2010,34.1
Turkey,2011,37.5
Turkey,2012,39
Turkey,2013,40.5
Turkey,2014,43.5
Turkey,2015,43.5
Turkey,2016,44.9
Turkey,2017,44.9
Turkey,2018,44.3
Uganda,1990,6.2
Uganda,1995,7.2
Uganda,2000,7.1
Uganda,2005,15.1
Uganda,2010,22.9
Uganda,2011,23.7
Uganda,2012,24.4
Uganda,2013,25.2
Uganda,2014,25.9
Uganda,2015,25.9
Uganda,2016,26.2
Uganda,2017,26.7
Uganda,2018,27.4
Ukraine,1990,72.6
Ukraine,1995,79.7
Ukraine,2000,84
Ukraine,2005,89.4
Ukraine,2010,91.7
Ukraine,2011,92.4
Ukraine,2012,93
Ukraine,2013,93.7
Ukraine,2014,94.3
Ukraine,2015,94.3
Ukraine,2016,95
Ukraine,2017,94.5
Ukraine,2018,94
United Arab Emirates,1990,43.9
United Arab Emirates,1995,55.8
United Arab Emirates,2000,64.4
United Arab Emirates,2005,70.9
United Arab Emirates,2010,73.1
United Arab Emirates,2011,74.2
United Arab Emirates,2012,75.3
United Arab Emirates,2013,76.3
United Arab Emirates,2014,77.4
United Arab Emirates,2015,77.4
United Arab Emirates,2016,78.5
United Arab Emirates,2017,78.8
United Arab Emirates,2018,78.8
United Kingdom,1990,67
United Kingdom,1995,72.7
United Kingdom,2000,79.5
United Kingdom,2005,88.8
United Kingdom,2010,99.7
United Kingdom,2011,99.8
United Kingdom,2012,81.6
United Kingdom,2013,81.4
United Kingdom,2014,81.3
United Kingdom,2015,81.3
United Kingdom,2016,82
United Kingdom,2017,82.4
United Kingdom,2018,82.9
United States,1990,92.8
United States,1995,93.4
United States,2000,93.8
United States,2005,93.9
United States,2010,94.9
United States,2011,95
United States,2012,95.1
United States,2013,95.4
United States,2014,95.4
United States,2015,95.4
United States,2016,95.6
United States,2017,95.5
United States,2018,95.7
Uruguay,1990,39.8
Uruguay,1995,42.6
Uruguay,2000,52.9
Uruguay,2005,52.4
Uruguay,2010,50.6
Uruguay,2011,53.1
Uruguay,2012,54.4
Uruguay,2013,53.8
Uruguay,2014,55
Uruguay,2015,55
Uruguay,2016,55.8
Uruguay,2017,55.8
Uruguay,2018,57.8
Uzbekistan,1990,..
Uzbekistan,1995,..
Uzbekistan,2000,..
Uzbekistan,2005,..
Uzbekistan,2010,..
Uzbekistan,2011,..
Uzbekistan,2012,..
Uzbekistan,2013,99.9
Uzbekistan,2014,99.9
Uzbekistan,2015,99.9
Uzbekistan,2016,99.9
Uzbekistan,2017,99.9
Uzbekistan,2018,99.9
Venezuela (Bolivarian Republic of),1990,23.4
Venezuela (Bolivarian Republic of),1995,30
Venezuela (Bolivarian Republic of),2000,35.3
Venezuela (Bolivarian Republic of),2005,44.3
Venezuela (Bolivarian Republic of),2010,61.2
Venezuela (Bolivarian Republic of),2011,65.8
Venezuela (Bolivarian Republic of),2012,68.1
Venezuela (Bolivarian Republic of),2013,70.3
Venezuela (Bolivarian Republic of),2014,72.6
Venezuela (Bolivarian Republic of),2015,72.6
Venezuela (Bolivarian Republic of),2016,71.7
Venezuela (Bolivarian Republic of),2017,71.7
Venezuela (Bolivarian Republic of),2018,71.7
Viet Nam,1990,10.3
Viet Nam,1995,18.4
Viet Nam,2000,30.2
Viet Nam,2005,44.6
Viet Nam,2010,59.9
Viet Nam,2011,60.3
Viet Nam,2012,61.5
Viet Nam,2013,62.7
Viet Nam,2014,64
Viet Nam,2015,64
Viet Nam,2016,65.2
Viet Nam,2017,66.2
Viet Nam,2018,66.2
Yemen,1990,0.4
Yemen,1995,0.9
Yemen,2000,2.6
Yemen,2005,5
Yemen,2010,8.6
Yemen,2011,10.3
Yemen,2012,12.1
Yemen,2013,13.9
Yemen,2014,15.6
Yemen,2015,15.6
Yemen,2016,17.4
Yemen,2017,18.7
Yemen,2018,19.9
Zambia,1990,12.5
Zambia,1995,24.8
Zambia,2000,18.4
Zambia,2005,22.8
Zambia,2010,25.8
Zambia,2011,27.3
Zambia,2012,28.8
Zambia,2013,30.3
Zambia,2014,31.7
Zambia,2015,33.2
Zambia,2016,36.2
Zambia,2017,39.2
Zambia,2018,39.2
Zimbabwe,1990,16.6
Zimbabwe,1995,28.5
Zimbabwe,2000,37.1
Zimbabwe,2005,40.5
Zimbabwe,2010,46.3
Zimbabwe,2011,47.5
Zimbabwe,2012,48.7
Zimbabwe,2013,50.3
Zimbabwe,2014,52.4
Zimbabwe,2015,54.1
Zimbabwe,2016,55
Zimbabwe,2017,55.9
Zimbabwe,2018,55.9
Antigua and Barbuda,1990,..
Antigua and Barbuda,1995,..
Antigua and Barbuda,2000,..
Antigua and Barbuda,2005,..
Antigua and Barbuda,2010,..
Antigua and Barbuda,2011,..
Antigua and Barbuda,2012,..
Antigua and Barbuda,2013,..
Antigua and Barbuda,2014,..
Antigua and Barbuda,2015,..
Antigua and Barbuda,2016,..
Antigua and Barbuda,2017,..
Antigua and Barbuda,2018,..
Comoros,1990,..
Comoros,1995,..
Comoros,2000,..
Comoros,2005,..
Comoros,2010,..
Comoros,2011,..
Comoros,2012,..
Comoros,2013,..
Comoros,2014,..
Comoros,2015,..
Comoros,2016,..
Comoros,2017,..
Comoros,2018,..
Djibouti,1990,..
Djibouti,1995,..
Djibouti,2000,..
Djibouti,2005,..
Djibouti,2010,..
Djibouti,2011,..
Djibouti,2012,..
Djibouti,2013,..
Djibouti,2014,..
Djibouti,2015,..
Djibouti,2016,..
Djibouti,2017,..
Djibouti,2018,..
Dominica,1990,..
Dominica,1995,..
Dominica,2000,..
Dominica,2005,..
Dominica,2010,..
Dominica,2011,..
Dominica,2012,..
Dominica,2013,..
Dominica,2014,..
Dominica,2015,..
Dominica,2016,..
Dominica,2017,..
Dominica,2018,..
Eritrea,1990,..
Eritrea,1995,..
Eritrea,2000,..
Eritrea,2005,..
Eritrea,2010,..
Eritrea,2011,..
Eritrea,2012,..
Eritrea,2013,..
Eritrea,2014,..
Eritrea,2015,..
Eritrea,2016,..
Eritrea,2017,..
Eritrea,2018,..
Micronesia (Federated States of),1990,..
Micronesia (Federated States of),1995,..
Micronesia (Federated States of),2000,..
Micronesia (Federated States of),2005,..
Micronesia (Federated States of),2010,..
Micronesia (Federated States of),2011,..
Micronesia (Federated States of),2012,..
Micronesia (Federated States of),2013,..
Micronesia (Federated States of),2014,..
Micronesia (Federated States of),2015,..
Micronesia (Federated States of),2016,..
Micronesia (Federated States of),2017,..
Micronesia (Federated States of),2018,..
Guinea,1990,..
Guinea,1995,..
Guinea,2000,..
Guinea,2005,..
Guinea,2010,..
Guinea,2011,..
Guinea,2012,..
Guinea,2013,..
Guinea,2014,..
Guinea,2015,..
Guinea,2016,..
Guinea,2017,..
Guinea,2018,..
Guinea-Bissau,1990,..
Guinea-Bissau,1995,..
Guinea-Bissau,2000,..
Guinea-Bissau,2005,..
Guinea-Bissau,2010,..
Guinea-Bissau,2011,..
Guinea-Bissau,2012,..
Guinea-Bissau,2013,..
Guinea-Bissau,2014,..
Guinea-Bissau,2015,..
Guinea-Bissau,2016,..
Guinea-Bissau,2017,..
Guinea-Bissau,2018,..
Equatorial Guinea,1990,..
Equatorial Guinea,1995,..
Equatorial Guinea,2000,..
Equatorial Guinea,2005,..
Equatorial Guinea,2010,..
Equatorial Guinea,2011,..
Equatorial Guinea,2012,..
Equatorial Guinea,2013,..
Equatorial Guinea,2014,..
Equatorial Guinea,2015,..
Equatorial Guinea,2016,..
Equatorial Guinea,2017,..
Equatorial Guinea,2018,..
Grenada,1990,..
Grenada,1995,..
Grenada,2000,..
Grenada,2005,..
Grenada,2010,..
Grenada,2011,..
Grenada,2012,..
Grenada,2013,..
Grenada,2014,..
Grenada,2015,..
Grenada,2016,..
Grenada,2017,..
Grenada,2018,..
Kiribati,1990,..
Kiribati,1995,..
Kiribati,2000,..
Kiribati,2005,..
Kiribati,2010,..
Kiribati,2011,..
Kiribati,2012,..
Kiribati,2013,..
Kiribati,2014,..
Kiribati,2015,..
Kiribati,2016,..
Kiribati,2017,..
Kiribati,2018,..
Saint Kitts and Nevis,1990,..
Saint Kitts and Nevis,1995,..
Saint Kitts and Nevis,2000,..
Saint Kitts and Nevis,2005,..
Saint Kitts and Nevis,2010,..
Saint Kitts and Nevis,2011,..
Saint Kitts and Nevis,2012,..
Saint Kitts and Nevis,2013,..
Saint Kitts and Nevis,2014,..
Saint Kitts and Nevis,2015,..
Saint Kitts and Nevis,2016,..
Saint Kitts and Nevis,2017,..
Saint Kitts and Nevis,2018,..
Liechtenstein,1990,..
Liechtenstein,1995,..
Liechtenstein,2000,..
Liechtenstein,2005,..
Liechtenstein,2010,..
Liechtenstein,2011,..
Liechtenstein,2012,..
Liechtenstein,2013,..
Liechtenstein,2014,..
Liechtenstein,2015,..
Liechtenstein,2016,..
Liechtenstein,2017,..
Liechtenstein,2018,..
Madagascar,1990,..
Madagascar,1995,..
Madagascar,2000,..
Madagascar,2005,..
Madagascar,2010,..
Madagascar,2011,..
Madagascar,2012,..
Madagascar,2013,..
Madagascar,2014,..
Madagascar,2015,..
Madagascar,2016,..
Madagascar,2017,..
Madagascar,2018,..
Nigeria,1990,..
Nigeria,1995,..
Nigeria,2000,..
Nigeria,2005,..
Nigeria,2010,..
Nigeria,2011,..
Nigeria,2012,..
Nigeria,2013,..
Nigeria,2014,..
Nigeria,2015,..
Nigeria,2016,..
Nigeria,2017,..
Nigeria,2018,..
Solomon Islands,1990,..
Solomon Islands,1995,..
Solomon Islands,2000,..
Solomon Islands,2005,..
Solomon Islands,2010,..
Solomon Islands,2011,..
Solomon Islands,2012,..
Solomon Islands,2013,..
Solomon Islands,2014,..
Solomon Islands,2015,..
Solomon Islands,2016,..
Solomon Islands,2017,..
Solomon Islands,2018,..
South Sudan,1990,..
South Sudan,1995,..
South Sudan,2000,..
South Sudan,2005,..
South Sudan,2010,..
South Sudan,2011,..
South Sudan,2012,..
South Sudan,2013,..
South Sudan,2014,..
South Sudan,2015,..
South Sudan,2016,..
South Sudan,2017,..
South Sudan,2018,..
Seychelles,1990,..
Seychelles,1995,..
Seychelles,2000,..
Seychelles,2005,..
Seychelles,2010,..
Seychelles,2011,..
Seychelles,2012,..
Seychelles,2013,..
Seychelles,2014,..
Seychelles,2015,..
Seychelles,2016,..
Seychelles,2017,..
Seychelles,2018,..
Turkmenistan,1990,..
Turkmenistan,1995,..
Turkmenistan,2000,..
Turkmenistan,2005,..
Turkmenistan,2010,..
Turkmenistan,2011,..
Turkmenistan,2012,..
Turkmenistan,2013,..
Turkmenistan,2014,..
Turkmenistan,2015,..
Turkmenistan,2016,..
Turkmenistan,2017,..
Turkmenistan,2018,..
Timor-Leste,1990,..
Timor-Leste,1995,..
Timor-Leste,2000,..
Timor-Leste,2005,..
Timor-Leste,2010,..
Timor-Leste,2011,..
Timor-Leste,2012,..
Timor-Leste,2013,..
Timor-Leste,2014,..
Timor-Leste,2015,..
Timor-Leste,2016,..
Timor-Leste,2017,..
Timor-Leste,2018,..
Saint Vincent and the Grenadines,1990,..
Saint Vincent and the Grenadines,1995,..
Saint Vincent and the Grenadines,2000,..
Saint Vincent and the Grenadines,2005,..
Saint Vincent and the Grenadines,2010,..
Saint Vincent and the Grenadines,2011,..
Saint Vincent and the Grenadines,2012,..
Saint Vincent and the Grenadines,2013,..
Saint Vincent and the Grenadines,2014,..
Saint Vincent and the Grenadines,2015,..
Saint Vincent and the Grenadines,2016,..
Saint Vincent and the Grenadines,2017,..
Saint Vincent and the Grenadines,2018,..
Vanuatu,1990,..
Vanuatu,1995,..
Vanuatu,2000,..
Vanuatu,2005,..
Vanuatu,2010,..
Vanuatu,2011,..
Vanuatu,2012,..
Vanuatu,2013,..
Vanuatu,2014,..
Vanuatu,2015,..
Vanuatu,2016,..
Vanuatu,2017,..
Vanuatu,2018,..
Human Development,1990, 
Human Development,1995,..
Human Development,2000,..
Human Development,2005,..
Human Development,2010,..
Human Development,2011,..
Human Development,2012,..
Human Development,2013,..
Human Development,2014,..
Human Development,2015,..
Human Development,2016,..
Human Development,2017,..
Human Development,2018,..
Very high human development,1990,..
Very high human development,1995,..
Very high human development,2000,..
Very high human development,2005,..
Very high human development,2010,..
Very high human development,2011,..
Very high human development,2012,..
Very high human development,2013,..
Very high human development,2014,..
Very high human development,2015,..
Very high human development,2016,..
Very high human development,2017,..
Very high human development,2018,..
High human development,1990,..
High human development,1995,..
High human development,2000,..
High human development,2005,..
High human development,2010,..
High human development,2011,..
High human development,2012,..
High human development,2013,..
High human development,2014,..
High human development,2015,..
High human development,2016,..
High human development,2017,..
High human development,2018,..
Medium human development,1990,..
Medium human development,1995,..
Medium human development,2000,..
Medium human development,2005,..
Medium human development,2010,..
Medium human development,2011,..
Medium human development,2012,..
Medium human development,2013,..
Medium human development,2014,..
Medium human development,2015,..
Medium human development,2016,..
Medium human development,2017,..
Medium human development,2018,..
Low human development,1990,..
Low human development,1995,..
Low human development,2000,..
Low human development,2005,..
Low human development,2010,..
Low human development,2011,..
Low human development,2012,..
Low human development,2013,..
Low human development,2014,..
Low human development,2015,..
Low human development,2016,..
Low human development,2017,..
Low human development,2018,..
Developing Countries,1990,..
Developing Countries,1995,..
Developing Countries,2000,..
Developing Countries,2005,..
Developing Countries,2010,..
Developing Countries,2011,..
Developing Countries,2012,..
Developing Countries,2013,..
Developing Countries,2014,..
Developing Countries,2015,..
Developing Countries,2016,..
Developing Countries,2017,..
Developing Countries,2018,..
Regions,1990, 
Regions,1995,..
Regions,2000,..
Regions,2005,..
Regions,2010,..
Regions,2011,..
Regions,2012,..
Regions,2013,..
Regions,2014,..
Regions,2015,..
Regions,2016,..
Regions,2017,..
Regions,2018,..
Arab States,1990,..
Arab States,1995,..
Arab States,2000,..
Arab States,2005,..
Arab States,2010,..
Arab States,2011,..
Arab States,2012,..
Arab States,2013,..
Arab States,2014,..
Arab States,2015,..
Arab States,2016,..
Arab States,2017,..
Arab States,2018,..
East Asia and the Pacific,1990,..
East Asia and the Pacific,1995,..
East Asia and the Pacific,2000,..
East Asia and the Pacific,2005,..
East Asia and the Pacific,2010,..
East Asia and the Pacific,2011,..
East Asia and the Pacific,2012,..
East Asia and the Pacific,2013,..
East Asia and the Pacific,2014,..
East Asia and the Pacific,2015,..
East Asia and the Pacific,2016,..
East Asia and the Pacific,2017,..
East Asia and the Pacific,2018,..
Europe and Central Asia,1990,..
Europe and Central Asia,1995,..
Europe and Central Asia,2000,..
Europe and Central Asia,2005,..
Europe and Central Asia,2010,..
Europe and Central Asia,2011,..
Europe and Central Asia,2012,..
Europe and Central Asia,2013,..
Europe and Central Asia,2014,..
Europe and Central Asia,2015,..
Europe and Central Asia,2016,..
Europe and Central Asia,2017,..
Europe and Central Asia,2018,..
Latin America and the Caribbean,1990,..
Latin America and the Caribbean,1995,..
Latin America and the Caribbean,2000,..
Latin America and the Caribbean,2005,..
Latin America and the Caribbean,2010,..
Latin America and the Caribbean,2011,..
Latin America and the Caribbean,2012,..
Latin America and the Caribbean,2013,..
Latin America and the Caribbean,2014,..
Latin America and the Caribbean,2015,..
Latin America and the Caribbean,2016,..
Latin America and the Caribbean,2017,..
Latin America and the Caribbean,2018,..
South Asia,1990,..
South Asia,1995,..
South Asia,2000,..
South Asia,2005,..
South Asia,2010,..
South Asia,2011,..
South Asia,2012,..
South Asia,2013,..
South Asia,2014,..
South Asia,2015,..
South Asia,2016,..
South Asia,2017,..
South Asia,2018,..
Sub-Saharan Africa,1990,..
Sub-Saharan Africa,1995,..
Sub-Saharan Africa,2000,..
Sub-Saharan Africa,2005,..
Sub-Saharan Africa,2010,..
Sub-Saharan Africa,2011,..
Sub-Saharan Africa,2012,..
Sub-Saharan Africa,2013,..
Sub-Saharan Africa,2014,..
Sub-Saharan Africa,2015,..
Sub-Saharan Africa,2016,..
Sub-Saharan Africa,2017,..
Sub-Saharan Africa,2018,..
Least Developed Countries,1990,..
Least Developed Countries,1995,..
Least Developed Countries,2000,..
Least Developed Countries,2005,..
Least Developed Countries,2010,..
Least Developed Countries,2011,..
Least Developed Countries,2012,..
Least Developed Countries,2013,..
Least Developed Countries,2014,..
Least Developed Countries,2015,..
Least Developed Countries,2016,..
Least Developed Countries,2017,..
Least Developed Countries,2018,..
Small Island Developing States,1990,..
Small Island Developing States,1995,..
Small Island Developing States,2000,..
Small Island Developing States,2005,..
Small Island Developing States,2010,..
Small Island Developing States,2011,..
Small Island Developing States,2012,..
Small Island Developing States,2013,..
Small Island Developing States,2014,..
Small Island Developing States,2015,..
Small Island Developing States,2016,..
Small Island Developing States,2017,..
Small Island Developing States,2018,..
Organization for Economic Co-operation and Development,1990,..
Organization for Economic Co-operation and Development,1995,..
Organization for Economic Co-operation and Development,2000,..
Organization for Economic Co-operation and Development,2005,..
Organization for Economic Co-operation and Development,2010,..
Organization for Economic Co-operation and Development,2011,..
Organization for Economic Co-operation and Development,2012,..
Organization for Economic Co-operation and Development,2013,..
Organization for Economic Co-operation and Development,2014,..
Organization for Economic Co-operation and Development,2015,..
Organization for Economic Co-operation and Development,2016,..
Organization for Economic Co-operation and Development,2017,..
Organization for Economic Co-operation and Development,2018,..
World,1990,..
World,1995,..
World,2000,..
World,2005,..
World,2010,..
World,2011,..
World,2012,..
World,2013,..
World,2014,..
World,2015,..
World,2016,..
World,2017,..
World,2018,..
